Labels,Scores
0,0.9661312
0,0.9539245
0,0.9173803
0,0.9466659
0,0.9503159
0,1.0
0,0.94543725
0,0.9316222
0,0.9943985
0,0.91151774
0,0.86809355
0,0.89428365
0,0.8696083
0,0.8976372
0,0.9239145
0,0.9419749
0,0.91943914
0,0.8980415
0,0.8706148
0,0.85928965
0,0.89358586
0,0.9328061
0,0.9820647
0,0.9471431
0,0.93124205
0,0.9046122
0,0.9396638
0,0.94304985
0,0.9070601
0,0.90792483
0,0.83651114
0,0.794878
0,0.8594172
0,0.84771866
0,0.79544383
0,0.8566703
0,0.86952704
0,0.83816284
0,0.8072255
0,0.7255281
0,0.81268966
0,0.8808188
0,0.9316616
0,0.7958038
0,0.72488403
0,0.74819875
0,0.8641476
0,0.8845254
0,0.83997256
0,0.74228895
0,0.80593777
0,0.7942004
0,0.90794605
0,0.8479058
0,0.72477174
1,0.79117876
1,0.6978075
1,0.78183365
1,0.7655052
1,0.6568337
1,0.70287865
1,0.7296356
1,0.6882915
1,0.74111545
1,0.70127577
1,0.6453937
1,0.664569
1,0.5819025
1,0.6499897
1,0.5855569
1,0.4868648
1,0.52135557
1,0.55395186
1,0.6381248
1,0.5893463
1,0.63879454
1,0.57070434
1,0.50000125
1,0.69897264
1,0.59590024
1,0.5858696
1,0.6366386
1,0.6052611
1,0.6735955
1,0.6730184
1,0.5880763
1,0.5481169
1,0.5361525
1,0.60113883
1,0.65463597
1,0.599598
1,0.5186333
1,0.5288796
1,0.6025019
1,0.5666924
1,0.7059983
1,0.61855954
1,0.60850334
1,0.5943771
1,0.62841034
1,0.6004809
1,0.60539156
1,0.5669849
1,0.51313424
1,0.6240966
1,0.67508715
1,0.6485671
1,0.574246
1,0.5121676
1,0.53300923
1,0.5686405
1,0.60980237
1,0.492065
1,0.5203431
1,0.48966435
1,0.4581455
1,0.5297448
1,0.5334032
1,0.45799923
1,0.40377972
1,0.42984375
1,0.45141968
1,0.40023166
1,0.37289906
1,0.40594053
1,0.40875438
1,0.4674896
1,0.32825017
1,0.33194545
1,0.37815836
1,0.33339572
1,0.32984912
1,0.22363542
1,0.2632225
1,0.23849443
1,0.17556824
1,0.037661847
1,0.038385987
1,0.016824832
1,0.0038553418
1,0.07759805
1,0.030930143
1,0.07932086
1,0.0
1,0.16993813
1,0.32915184
1,0.41468242
1,0.60587364
0,0.8399952
0,0.7740274
0,0.8861421
0,0.8587415
0,0.8496993
0,0.84065163
0,0.8594019
0,0.8347157
0,0.7760105
0,0.7884462
0,0.87701315
0,0.73682874
0,0.74311477
0,0.7329778
0,0.87725645
0,0.7852581
0,0.79364735
0,0.84505016
0,0.81229866
0,0.8837567
0,0.8573873
0,0.90718716
0,0.7197956
0,0.7680625
0,0.77851313
0,0.7951385
0,0.89476085
0,0.86862737
0,0.85876024
0,0.87397283
0,0.8692567
0,0.83907676
0,0.82001233
0,0.8600406
0,0.77654284
0,0.8152563
0,0.8190333
0,0.7370178
0,0.8215281
0,0.9284499
0,0.86834913
0,0.90499926
0,0.94703573
0,0.8930644
0,0.8161117
0,0.8440441
0,0.8887013
0,0.88132256
0,0.89964646
0,0.9500596
0,0.90317506
0,0.856943
0,0.8369521
0,0.8627687
0,0.8836935
0,0.9498458
0,0.9128527
0,0.9042966
0,0.9849228
0,1.0
0,0.9162901
0,0.7705158
0,0.6979976
0,0.7483138
0,0.88472754
0,0.8778296
0,0.7645979
0,0.8013059
0,0.8423532
0,0.8308314
0,0.9256171
0,0.8875319
0,0.88327634
0,0.8443725
0,0.8276052
0,0.75889593
0,0.69743633
0,0.76880366
0,0.7795237
0,0.8703086
0,0.7802343
0,0.8493439
0,0.82573944
0,0.80005336
0,0.72320575
0,0.71505636
0,0.8271377
0,0.86866456
0,0.82460535
0,0.84148693
0,0.7121943
0,0.75190216
0,0.55131245
1,0.36285043
1,0.3734342
1,0.28390023
1,0.29626793
1,0.20503177
1,0.2412162
1,0.23383036
1,0.17160715
1,0.2165552
1,0.11928847
1,0.10661837
1,0.12663132
1,0.0
1,0.039410643
1,0.031127071
1,0.124570124
1,0.09169892
1,0.14295843
1,0.12614812
1,0.09247509
1,0.11969201
1,0.27188104
1,0.22308677
1,0.24349332
1,0.22705352
1,0.13732146
1,0.24931791
1,0.2168775
1,0.16137506
1,0.04065061
1,0.057067867
1,0.18882519
1,0.1890689
1,0.1988225
1,0.24635635
1,0.16763778
1,0.2692009
1,0.35290238
1,0.22509766
1,0.23102184
1,0.27104095
1,0.31725305
1,0.4452517
1,0.40673512
1,0.36012262
1,0.38598585
1,0.38735315
1,0.2917221
1,0.412849
1,0.27648976
1,0.4128962
1,0.26929262
1,0.36863205
1,0.45800826
1,0.37529203
1,0.36161152
1,0.39058253
1,0.4237336
1,0.4556845
1,0.42824957
1,0.39653605
1,0.44948834
1,0.43520617
1,0.4781533
1,0.47040638
1,0.3783773
1,0.46355197
1,0.5356441
1,0.43138826
1,0.41130877
1,0.32474947
1,0.4476305
1,0.5044646
1,0.48742422
1,0.3822675
1,0.45628667
1,0.41436833
1,0.36798692
1,0.4049449
1,0.46654287
1,0.43757972
1,0.3905757
1,0.36813524
1,0.39419344
1,0.43481627
1,0.44232735
1,0.43538594
1,0.48390976
1,0.43459982
1,0.3519842
1,0.43141186
1,0.3131139
1,0.18774088
1,0.18976958
1,0.27509728
1,0.31033942
1,0.2981085
1,0.27836964
1,0.2774934
1,0.309688
1,0.34047705
1,0.31701356
1,0.2096835
1,0.3411201
1,0.29439646
1,0.37912357
1,0.40350053
1,0.3889663
1,0.32653394
1,0.36800894
1,0.33558634
1,0.23148565
1,0.27227145
1,0.34315875
1,0.34748554
1,0.33928737
1,0.41969296
1,0.3786194
1,0.41907507
1,0.42553747
1,0.41945502
1,0.34033763
1,0.33874914
1,0.4414359
1,0.51623017
1,0.49134538
0,0.5649186
0,0.5083858
0,0.5747859
0,0.6434689
0,0.6434841
0,0.5626456
0,0.6364064
0,0.60328364
0,0.6476956
0,0.61944675
0,0.6162211
0,0.62788755
0,0.72681874
0,0.70045555
0,0.75171715
0,0.67750144
0,0.6216353
0,0.6202811
0,0.5791226
0,0.70480067
0,0.6022801
0,0.55522156
0,0.66736054
0,0.64990145
0,0.59643346
0,1.0
0,0.9603594
0,0.8496368
0,0.8818323
0,0.9770653
0,0.9638773
0,0.88697547
0,0.8564075
0,0.8637161
0,0.9236346
0,0.8687317
0,0.9073912
0,0.9053533
0,0.86422986
0,0.86561227
0,0.8390362
0,0.85034865
0,0.8844668
0,0.7959206
0,0.8682633
0,0.85717887
0,0.80722964
0,0.84764224
0,0.771217
0,0.79638624
0,0.782092
0,0.8283796
0,0.7820146
0,0.8302757
0,0.74850786
0,0.7115111
0,0.76438296
0,0.73908716
0,0.7790737
0,0.6477545
0,0.85959125
0,0.8844228
0,0.91572213
0,0.89320666
0,0.8525722
0,0.8694645
0,0.8833588
0,0.96443856
0,0.91266364
0,0.87835354
0,0.9088121
0,0.90577286
0,0.90388286
0,0.8431267
0,0.83221316
0,0.80635583
0,0.8823354
0,0.94397604
0,0.8791796
0,0.877217
0,0.8027051
0,0.85138714
0,0.8625607
0,0.9205427
0,0.8451274
0,0.7511527
0,0.82610375
0,0.79004574
0,0.85420907
0,0.8042622
0,0.8441116
0,0.8277468
0,0.9060868
0,0.90596336
0,0.7819331
0,0.81433874
0,0.80723304
0,0.8350867
0,0.8236099
0,0.77629924
0,0.16000865
0,0.0
0,0.31885654
0,0.6618142
0,0.7518442
0,0.7627
0,0.8282399
0,0.72721833
0,0.83184147
0,0.84837097
0,0.8547239
1,0.7628754
1,0.7445188
1,0.72247237
1,0.74360514
1,0.8188048
1,0.67451215
1,0.69015306
1,0.7137587
1,0.71552384
1,0.7448644
1,0.667652
1,0.69617486
1,0.71912295
1,0.69239414
1,0.60592574
1,0.62140024
1,0.67164415
1,0.7484446
1,0.7736204
1,0.7058734
1,0.69089276
1,0.6926521
1,0.6616124
1,0.616516
1,0.6134479
1,0.64267397
1,0.68436515
1,0.7107036
1,0.70724756
1,0.61037564
1,0.6485324
1,0.64267844
1,0.6335046
1,0.67492
1,0.62433285
1,0.62766993
1,0.66716987
1,0.6136718
1,0.5782819
1,0.55157894
1,0.5981481
1,0.63864434
1,0.61239666
1,0.60636383
1,0.60862184
1,0.6309014
1,0.62201405
1,0.6225873
1,0.6295331
1,0.61270887
1,0.67292994
1,0.59539634
1,0.6207819
1,0.5756611
1,0.60824937
1,0.57719934
1,0.62669504
1,0.60130394
1,0.62326854
1,0.6339616
1,0.70612276
1,0.6886486
1,0.6139888
1,0.6306294
1,0.66722286
1,0.6708515
1,0.62613106
1,0.60867065
1,0.55621034
1,0.5902092
1,0.6208923
1,0.5686789
1,0.61476773
1,0.607433
1,0.6467421
1,0.63092136
1,0.53953093
1,0.55715257
1,0.5121959
1,0.51962584
1,0.54423493
1,0.5003102
1,0.5515263
1,0.5715727
1,0.5364824
1,0.5584869
1,0.5235447
1,0.4910533
1,0.5110046
1,0.50773704
1,0.5571354
1,0.5614618
1,0.52809745
1,0.6120775
1,0.60010415
1,0.53510237
1,0.5317516
1,0.57197577
1,0.54051375
1,0.5247776
1,0.5296143
1,0.5648618
1,0.51255935
1,0.60153604
1,0.5586337
1,0.6219687
1,0.6151291
1,0.571027
1,0.6334475
1,0.6347584
0,0.5358936
0,0.56749463
0,0.65294707
0,0.5387256
0,0.63668567
0,0.5446653
0,0.4691315
0,0.5402379
0,0.45461175
0,0.45460227
0,0.506448
0,0.57819843
0,0.5534495
0,0.60419226
0,0.42750657
0,0.4984877
0,0.5747234
0,0.5923235
0,0.5342919
0,0.6713775
0,0.51190454
0,0.51773584
0,0.49837616
0,0.46609536
0,0.5159636
0,0.6028358
1,0.5163393
1,0.5646269
1,0.63379264
1,0.7181391
1,0.67141116
1,0.63151425
1,0.59747386
1,0.6135343
1,0.57353
1,0.60735047
1,0.7241503
1,0.5827963
1,0.6534754
1,0.52142966
1,0.55995953
1,0.61191463
1,0.76524377
1,0.61276186
1,0.6059708
1,0.6156548
1,0.65113175
1,0.9100181
1,0.79941154
1,0.6400954
1,0.6359764
1,0.73360175
1,0.71123123
1,0.67219836
1,0.6303377
1,0.6674447
1,0.65784806
1,0.63011146
1,0.6455036
1,0.8993753
1,0.6317731
1,0.7614573
1,0.6593056
1,0.8626408
1,0.80183303
1,0.6931671
1,0.7259246
1,0.72923124
1,0.84019977
1,0.85277367
1,0.8396841
1,0.83396757
1,0.86439306
1,0.7939959
1,0.68930906
1,0.7785417
1,0.81525934
1,0.49330157
1,0.5196164
1,0.81531197
1,0.70870656
1,0.20293531
1,0.19609693
1,0.55808526
1,0.77786183
1,0.89552885
1,0.79532087
1,0.96303606
1,0.7651122
1,0.78826463
1,0.8983808
1,0.6992383
1,0.6313027
1,0.778829
1,0.711066
1,0.7591052
1,0.60638964
1,0.96639425
1,0.82084227
1,0.86384684
1,0.8494934
1,1.0
1,0.92003465
1,0.7037467
1,0.9545255
1,0.7773304
1,0.8591648
1,0.7103346
1,0.8369553
1,0.70039064
1,0.75859374
1,0.7200576
1,0.7479047
1,0.52431744
1,0.64275056
1,0.6802828
1,0.7207122
1,0.7615299
1,0.73013836
1,0.78035915
1,0.5862249
1,0.65761125
1,0.7280157
1,0.8172189
1,0.6141973
1,0.8565738
1,0.67692775
1,0.5997723
1,0.7265108
1,0.5451357
1,0.5511353
1,0.46335918
1,0.6460508
1,0.5870784
1,0.5298551
1,0.3534198
1,0.57880455
1,0.44054875
1,0.4442216
1,0.1912707
1,0.07908136
1,0.57193464
1,0.5470889
1,0.4430471
1,0.5075035
1,0.4429745
1,0.35146976
1,0.12762043
1,0.19674413
1,0.104443796
1,0.061058234
1,0.0
1,0.0043589724
1,0.10636439
1,0.24425925
1,0.16698904
1,0.042885676
1,0.23254623
1,0.32526436
1,0.3913635
1,0.309527
1,0.2590747
1,0.44556442
1,0.5388161
0,0.48023307
0,0.5565782
0,0.62897485
0,0.7613258
0,0.61302495
0,0.6055025
0,0.63292235
0,0.6003774
0,0.7060114
0,0.650776
0,0.44488037
0,0.78667873
0,0.7037383
0,0.53477705
0,0.5918847
0,0.7483025
0,0.8893103
0,0.5426089
0,0.7945558
0,0.87896746
0,0.6749619
0,0.85621285
0,0.71761185
0,0.65205675
0,0.74745536
0,0.6238634
0,0.43436915
0,0.60246426
0,0.7026922
0,0.8709736
0,0.51907235
0,0.8206886
1,0.26086274
1,0.12916772
1,0.077545576
1,0.051215746
1,0.037840616
1,0.106160685
1,0.14228654
1,0.0740514
1,0.1601162
1,0.28255036
1,0.19111703
1,0.2823973
1,0.3011259
1,0.38787496
1,0.43390256
1,0.43107837
1,0.45232204
1,0.43356833
1,0.49776435
1,0.502377
1,0.5541407
1,0.5893701
1,0.66280234
1,0.62333715
1,0.596641
1,0.61403275
1,0.60459447
1,0.64600396
1,0.60730046
1,0.62254995
1,0.6165332
1,0.75773686
1,0.7493309
1,0.7303452
1,0.66499114
1,0.638272
1,0.6606291
1,0.659468
1,0.61150867
1,0.61103964
1,0.6621534
1,0.6518097
1,0.6972756
1,0.7180712
1,0.6859241
1,0.7410622
1,0.7473771
1,0.792839
1,0.75525093
1,0.5730011
1,0.49918145
1,0.71122974
1,0.6472888
1,0.61617494
1,0.6361222
1,0.74301904
1,0.7441911
1,0.7056891
1,0.75390697
1,0.8732526
1,0.8932315
1,0.9329197
1,0.8761304
1,0.8942402
1,0.931496
1,0.90327954
1,0.980664
1,0.9632999
1,0.84500456
1,0.8244524
1,0.8019961
1,0.7517397
1,0.9097683
1,0.900977
1,0.8562287
1,0.8964831
1,0.9243463
1,0.9263542
1,1.0
1,0.8834605
1,0.9744434
1,0.9688345
1,0.9452783
1,0.8326825
1,0.89491516
1,0.92435235
0,0.94489497
0,0.90741014
0,0.9008402
0,0.88491523
0,0.8173368
0,0.89203435
0,0.8662853
0,0.8658644
0,0.8767543
0,0.7579819
0,0.7255512
0,0.8389347
0,0.779433
0,0.8315219
0,0.73160845
0,0.84763485
0,0.88096005
0,0.85219187
0,0.7557876
0,0.7713603
0,0.7786889
0,0.8262619
0,0.7250681
0,0.6100575
0,0.7157712
0,0.67922944
0,0.66996956
0,0.72106284
0,0.58669716
0,0.69325024
0,0.67358404
0,0.6629306
0,0.6720461
0,0.6927717
0,0.7024369
0,0.7683296
0,0.6678078
0,0.6491423
0,0.63039213
0,0.6730343
0,0.68775415
0,0.71862894
0,0.6234654
0,0.5964957
0,0.5513741
0,0.60171515
0,0.5512293
0,0.63152164
0,0.5559256
1,0.5552707
1,0.52963436
1,0.5587107
1,0.5810142
1,0.54904145
1,0.47817633
1,0.52628696
1,0.50391483
1,0.44085985
1,0.42646673
1,0.41731614
1,0.37484083
1,0.4592322
1,0.30932945
1,0.40810892
1,0.5039464
1,0.34155974
1,0.4192123
1,0.4508959
1,0.4896906
1,0.5112269
1,0.60366696
1,0.51382715
1,0.5576504
1,0.5114319
1,0.5917688
1,0.619616
1,0.5499214
1,0.641708
1,0.5430919
1,0.61913395
1,0.4880996
1,0.544721
1,0.50672954
1,0.5142265
1,0.5657452
1,0.5218102
1,0.44076413
1,0.51771766
1,0.52900046
1,0.51469755
1,0.5402867
1,0.5591161
1,0.53649694
1,0.5204742
1,0.6292837
1,0.5860648
1,0.5284142
1,0.52036697
1,0.50282997
1,0.4040991
1,0.35904315
1,0.32030505
1,0.24124564
1,0.19919854
1,0.10453536
1,0.15040988
1,0.031410243
1,0.0
1,0.05258901
1,0.047762662
1,0.24646005
1,0.28964692
1,0.24591376
1,0.26032948
1,0.33059874
1,0.45995873
1,0.52684397
1,0.59223115
1,0.710742
1,0.7013533
1,0.78957987
1,0.84687304
1,0.8225208
1,0.82631314
1,0.8148627
1,0.83528733
1,0.8097371
1,0.82573134
1,0.8135004
1,0.78296316
1,0.727532
1,0.732906
1,0.78406876
1,0.7904421
1,0.754623
1,0.78440225
1,0.76180583
1,0.77365017
1,0.85410136
1,0.7985632
1,0.7250634
1,0.72923434
1,0.7241366
1,0.6919731
1,0.7252009
1,0.74699545
1,0.73704636
1,0.1321488
1,0.17582045
1,0.13492173
1,0.12131417
1,0.6818184
1,0.70150995
1,0.7238875
1,0.75837296
1,0.67620915
1,0.6567144
1,0.52442193
1,0.612443
1,0.7379774
1,0.76037705
1,0.75719786
1,0.726091
1,0.74269617
1,0.15870684
1,0.18058106
1,0.6721944
1,0.77139926
1,0.7313259
1,0.7714768
1,0.7662381
1,0.7950799
1,0.78332573
1,0.7498798
1,0.8758592
1,0.7962875
1,0.7585006
1,0.8142767
1,0.76825976
1,0.2557129
1,0.26248908
1,0.7024803
1,0.77506024
1,0.74064505
1,0.7926716
1,0.7922487
1,0.783357
1,0.769297
1,0.75255316
1,0.75655603
1,0.7627846
1,0.7237675
1,0.70601517
1,0.30447716
1,0.2980425
1,0.7687946
1,0.76334655
1,0.7845715
1,0.8034852
1,0.7974202
1,0.7888792
1,0.7866883
1,0.77281237
1,0.71987927
1,0.7794902
1,0.7910789
0,0.68488765
0,0.85146916
0,0.28736487
0,0.2930622
0,0.84800154
0,0.89800256
0,0.7571249
0,0.8331953
0,0.953394
1,0.9872163
1,0.96224517
1,1.0
1,0.9947162
1,0.9560212
1,0.7241755
1,0.58369476
1,0.3145699
1,0.2643165
1,0.4741321
1,0.5165541
1,0.49634534
1,0.4326565
1,0.4242172
1,0.40197086
1,0.37199715
1,0.3878042
1,0.37168235
1,0.40377995
1,0.5087299
1,0.05690158
1,0.0
1,0.38948512
1,0.5063976
1,0.51155037
1,0.5319624
1,0.52693
1,0.64130235
1,0.6605083
1,0.67367786
1,0.67211115
1,0.6747903
1,0.6853793
1,0.74767625
1,0.69377965
1,0.18890196
1,0.18536994
1,0.6962411
1,0.30905116
1,0.31982142
1,0.80326134
1,0.7430411
1,0.68714464
1,0.76621366
1,0.7250523
1,0.7017537
1,0.7065913
1,0.741492
1,0.75723755
1,0.73472327
1,0.6831968
1,0.7324315
1,0.70958865
1,0.66277826
1,0.6968183
1,0.73695886
1,0.7112749
1,0.71289206
1,0.7096853
1,0.7255126
1,0.7055293
1,0.7078283
1,0.6633257
1,0.6700116
1,0.72930044
1,0.6873823
1,0.7216163
1,0.78059006
1,0.6998004
1,0.71534806
1,0.77843237
1,0.76863074
1,0.81155974
1,0.73851067
1,0.6018127
1,0.5968769
1,0.54995614
1,0.5446559
1,0.5228606
1,0.5185544
1,0.4218234
1,0.41012558
1,0.40360498
1,0.4634136
1,0.5038189
1,0.48555866
1,0.45822892
1,0.5154195
1,0.50681895
1,0.52579725
1,0.46190935
0,0.44009513
0,0.48327702
0,0.53246474
0,0.49230084
0,0.473624
0,0.50442064
0,0.5196497
0,0.4989114
0,0.50496197
0,0.5466967
1,0.073865555
1,0.087190256
1,0.0
1,0.08378323
1,0.008236712
1,0.0788002
1,0.11466291
1,0.1751685
1,0.13889663
1,0.19427735
1,0.22762927
1,0.22057252
1,0.17551208
1,0.26282698
1,0.47109812
1,0.49160913
1,0.313287
1,0.28061318
1,0.39970973
1,0.3643095
1,0.40032062
1,0.28107154
1,0.41507536
1,0.44910786
1,0.3749389
1,0.37657806
1,0.48136675
1,0.45261493
1,0.5304156
1,0.5322113
1,0.48219737
1,0.49842727
1,0.25446153
1,0.34345162
1,0.4010914
1,0.38930416
1,0.3034669
1,0.33898684
1,0.49081948
1,0.5727028
1,0.41106892
1,0.28715992
1,0.48165292
1,0.48869574
1,0.5044033
1,0.49790004
1,0.60903865
1,0.5035218
1,0.56407416
1,0.6690498
1,0.63498205
1,0.54273003
1,0.68289435
1,0.67651653
1,0.6084819
1,0.4729021
1,0.64028156
1,0.6897527
1,0.6298711
1,0.65688866
1,0.5049871
1,0.47038063
1,0.49089575
1,0.54401577
1,0.5542139
1,0.5482928
1,0.61472684
1,0.43466634
1,0.5238951
1,0.5569969
1,0.58534366
1,0.37944224
1,0.3324893
1,0.31556982
1,0.43012118
1,0.54882
1,0.3260459
1,0.35040507
1,0.3706791
1,0.46539924
1,0.47673059
1,0.30373254
1,0.37993753
1,0.3587525
1,0.32595816
1,0.26360267
1,0.35532743
1,0.17598766
1,0.08453187
1,0.13332486
1,0.17034292
1,0.12953326
1,0.19483739
1,0.24653476
1,0.2629926
1,0.41277283
1,0.30644834
1,0.37872067
1,0.35312003
1,0.29499647
1,0.22262739
1,0.12717582
1,0.10206881
1,0.08175132
1,0.116538204
1,0.05735769
1,0.17718811
1,0.2643013
1,0.4203618
1,0.515323
1,0.56701213
1,0.6420823
1,0.8908236
1,0.9212539
1,0.952487
1,0.88642603
1,0.9615191
1,0.975681
1,0.9054988
1,0.7678526
1,0.8580186
1,0.86741066
1,0.8532266
1,0.8405973
1,0.85312986
1,0.88158816
1,0.9243903
1,0.8162881
1,0.8368516
1,0.8166358
1,0.82768834
1,0.7734572
1,0.70262146
1,0.83364385
1,0.80620724
1,0.78514355
1,0.8376929
1,0.68957806
1,0.6560416
1,0.61016446
1,0.59312284
1,0.733602
1,0.6350009
1,0.64151484
1,0.67869854
1,0.6994687
1,0.5535915
1,0.6118725
1,0.4191146
1,0.60272646
1,0.6796202
1,0.7237286
1,0.7355396
1,0.96153384
1,0.781862
1,0.6311068
1,0.5371747
1,0.40953967
1,0.6922512
1,0.6649966
1,0.55920345
1,0.6631533
1,0.7598488
1,0.69031686
1,0.56528366
1,0.7261918
1,0.6652008
1,0.74368286
1,0.8086426
1,0.79902667
1,0.849007
0,1.0
0,0.99522525
0,0.7873321
0,0.982732
0,0.5925685
0,0.84594274
0,0.7340284
0,0.8022033
0,0.74638796
0,0.74688405
0,0.62533414
0,0.67616886
0,0.80312
0,0.646265
0,0.6996007
0,0.7918182
0,0.8519844
0,0.75517815
0,0.6687817
0,0.6884251
0,0.6171023
0,0.67840415
0,0.8381185
0,0.879348
0,0.62654525
1,0.5963454
1,0.33085433
1,0.5122754
1,0.43923262
1,0.57588625
1,0.6563025
1,0.67351884
1,0.6264409
1,0.4686356
1,0.6013471
1,0.55030584
1,0.6433477
1,0.7036801
1,0.59165406
1,0.5073865
1,0.6633286
1,0.7333192
1,0.56252426
1,0.60000074
1,0.5594358
1,0.6377118
1,0.68068564
1,0.61070865
1,0.4763254
1,0.5769284
1,0.5908942
1,0.59568554
1,0.753431
1,0.63824385
1,0.71141076
1,0.7031965
1,0.75043565
1,0.6977332
1,0.7131559
1,0.67854846
1,0.64949286
1,0.5105613
1,0.7256922
1,0.71148646
1,0.7616006
1,0.8491292
1,0.73456794
1,0.69878817
1,0.6725577
1,0.57261765
1,0.76750135
1,0.6503382
1,0.57610494
1,0.6762811
1,0.6549652
1,0.61272174
1,0.5644261
1,0.5831235
1,0.6371533
1,0.521338
1,0.5197291
1,0.45140868
1,0.4660239
1,0.32181367
1,0.4467226
1,0.45394242
1,0.49196756
1,0.47951907
1,0.4763829
1,0.35483867
1,0.41925475
1,0.30518308
1,0.12825133
1,0.25156116
1,0.2970362
1,0.28100428
1,0.16945048
1,0.16179852
1,0.14904426
1,0.015727326
1,0.0
1,0.022520693
1,0.0018041984
1,0.15512435
1,0.12969075
1,0.09352127
1,0.15987475
1,0.2192468
1,0.10342923
1,0.03948538
1,0.2275057
1,0.10103851
1,0.09710696
1,0.297958
1,0.43850458
0,0.7028673
0,0.63747346
0,0.85449487
0,0.73717207
0,0.74339974
0,0.7501866
0,0.7129811
0,0.90878505
0,0.85312736
0,0.80965024
0,0.74651617
0,0.6929011
0,0.75771296
0,0.8050376
0,0.9176138
0,0.7332216
0,0.9608578
0,0.8795153
0,0.9262284
0,0.9953048
0,0.8845192
0,0.892679
0,0.8511892
0,0.83243734
0,0.9619143
0,0.80017143
0,0.8354857
0,0.77332944
0,0.9131889
0,0.87093776
0,0.98985666
0,0.91892004
0,0.99092454
0,0.85100985
0,0.86776227
0,0.8817985
0,0.87026423
0,0.9553998
0,0.8434828
0,0.8875986
0,0.955645
0,0.81833297
0,0.8788924
0,0.86146194
0,0.8543874
0,0.92421687
0,0.8232128
0,0.935481
0,0.97388077
0,0.8952422
0,0.87669545
0,1.0
0,0.99075276
0,0.9677113
0,0.93301386
0,0.83904415
0,0.8830904
0,0.801237
0,0.9459346
0,0.8572564
0,0.7769174
0,0.80644375
0,0.95699286
0,0.98894477
0,0.9617667
0,0.95525676
0,0.8963456
0,0.8554038
0,0.91972303
0,0.9456826
0,0.92320806
0,0.84683686
0,0.93463415
0,0.9254429
0,0.8733966
0,0.88731027
0,0.9004111
0,0.68902403
0,0.82777625
0,0.8878476
0,0.718038
0,0.80524725
0,0.79391575
0,0.82815087
0,0.7690127
0,0.8589812
0,0.87123597
0,0.7457019
0,0.81426597
0,0.84038216
0,0.8478245
0,0.85696584
0,0.81835717
0,0.6880402
0,0.76699656
0,0.9096183
0,0.9239535
0,0.96848786
0,0.8592362
0,0.96441096
0,0.98594785
0,0.93567324
0,0.88571495
0,0.84276986
0,0.85404307
0,0.8803697
1,0.112981774
1,0.09150652
1,0.068100624
1,0.5221089
1,0.6547243
1,0.6251251
1,0.5372786
1,0.43115425
1,0.6257456
1,0.6156668
1,0.70041597
1,0.5367193
1,0.5078599
1,0.5863697
1,0.6518265
1,0.04051233
1,0.044593673
1,0.045401644
1,0.0
1,0.48545465
1,0.700637
1,0.676304
1,0.61215657
1,0.6311434
1,0.5677301
1,0.5859459
1,0.5598688
1,0.62703705
1,0.6163177
1,0.6155301
1,0.6604853
1,0.69221777
1,0.7025403
1,0.7018708
1,0.6709206
1,0.69349355
1,0.75352436
1,0.7463498
1,0.78380513
1,0.750034
1,0.7668792
1,0.76790965
1,0.79378945
1,0.7755419
0,0.72505045
0,0.85644615
0,0.7323582
0,0.76741123
0,0.7870502
0,0.7995165
0,0.81796616
0,0.8371012
0,0.81986684
0,0.7816735
0,0.73633546
0,0.6762229
0,0.74414647
0,0.67120826
0,0.7770236
0,0.82321817
0,0.7532217
0,0.7439959
0,0.82398695
0,0.81286716
0,0.78944767
0,0.8158204
0,0.8056526
0,0.7668286
0,0.8041491
0,0.7319931
0,0.76226074
0,0.864071
0,0.80724293
0,0.84468544
0,0.7685051
0,0.8072455
0,0.75364286
0,0.80197805
0,0.791431
0,0.7446096
0,0.74845743
0,0.8313479
0,0.8351653
0,0.8489609
0,0.7866565
0,0.82192415
0,0.8544288
0,0.8562501
0,0.8609032
0,0.8667161
0,0.8843871
0,0.901559
0,0.9049219
0,0.9436095
0,0.91328543
0,0.96919775
0,1.0
0,0.9454509
0,0.96197325
0,0.9670741
0,0.8792756
0,0.9679117
0,0.98438764
0,0.9634486
0,0.93427926
0,0.78546625
0,0.88799596
0,0.8927025
0,0.9033908
0,0.9114481
0,0.8912448
0,0.783252
0,0.7835749
0,0.79238135
0,0.79966193
0,0.91187125
0,0.850483
0,0.86171293
0,0.8698016
0,0.9012249
0,0.9224443
0,0.8875437
0,0.84535104
0,0.8868608
0,0.8599522
0,0.8936737
0,0.83274215
0,0.8731863
0,0.8651363
0,0.8449231
0,0.780514
0,0.88470995
0,0.8340256
0,0.8361352
0,0.86346465
0,0.9170263
0,0.8255295
0,0.81959873
0,0.8743948
0,0.8466217
0,0.86263955
0,0.8605358
0,0.89492613
0,0.8575153
0,0.8484337
0,0.84325975
0,0.858096
0,0.8409535
0,0.8065152
0,0.81750137
0,0.8508869
0,0.8308069
0,0.82810575
0,0.8447748
0,0.8579413
0,0.867693
0,0.8446694
0,0.78744066
0,0.82681394
0,0.8343719
0,0.8534205
0,0.7846255
0,0.77398264
0,0.37432507
0,0.3920516
0,0.40247452
0,0.39810058
0,0.7087494
0,0.79707
0,0.7851751
0,0.8239043
0,0.7438508
0,0.8238322
0,0.82658076
0,0.78776604
0,0.7966664
0,0.8408014
0,0.8264353
0,0.80786943
0,0.25185615
0,0.25803277
0,0.23977658
0,0.27170855
0,0.69061464
0,0.7729179
0,0.8468148
0,0.8043483
0,0.8036177
0,0.7874365
0,0.754934
0,0.7639346
0,0.7461397
0,0.7698802
0,0.1682852
0,0.2146641
0,0.14755467
0,0.21608578
0,0.5901243
0,0.7589757
0,0.77312297
0,0.71596944
0,0.7382858
0,0.7390561
0,0.77647305
0,0.78934616
0,0.8485368
1,0.61580783
1,0.57870924
1,0.5647948
1,0.6084286
1,0.6659083
1,0.62998843
1,0.6521332
1,0.70782787
1,0.6426711
1,0.65615994
1,0.6228672
1,0.6851611
1,0.7387117
1,0.6768955
1,0.6679498
1,0.71418744
1,0.7116434
1,0.7207395
1,0.75261647
1,0.70384216
1,0.63345635
1,0.7327191
1,0.69905615
1,0.7052256
1,0.67748886
1,0.6880133
1,0.680929
1,0.7189366
1,0.7305205
1,0.694306
1,0.69637597
1,0.6849981
1,0.645403
1,0.6733302
1,0.6004414
1,0.54223835
1,0.6612416
1,0.6687515
1,0.62259203
1,0.56043756
1,0.5765833
1,0.6279492
1,0.6331145
1,0.5989933
1,0.6351622
1,0.63561624
1,0.65665215
1,0.67408466
1,0.63973576
1,0.62314373
1,0.66716653
1,0.67214304
1,0.6250514
1,0.65136456
1,0.7172088
1,0.7154111
1,0.6762426
1,0.7249179
1,0.7247122
1,0.7473353
1,0.096548475
1,0.0
1,0.22270943
1,0.6466594
1,0.715036
1,0.6999451
1,0.7192859
1,0.6618107
1,0.6838016
1,0.66520685
1,0.7251242
1,0.6513086
1,0.64523226
1,0.66838473
1,0.61347884
1,0.6847417
1,0.68879557
1,0.66117495
1,0.66047096
1,0.7284282
1,0.76140887
1,0.8042219
1,0.75095844
1,0.7455124
1,0.7328113
1,0.72771126
1,0.8139298
1,0.87314796
1,0.7877699
1,0.7602427
1,0.8190887
1,0.84091467
1,0.86144805
1,0.8405263
1,0.83399075
1,0.8579064
1,0.78381723
1,0.8026438
1,0.8881803
1,0.85272646
1,0.84233105
1,0.85094494
1,0.7850661
1,0.83992255
1,0.7689808
1,0.78055656
1,0.71721816
1,0.7625093
1,0.722282
1,0.7530892
1,0.7110943
1,0.65724814
1,0.6122691
1,0.641688
1,0.65117925
1,0.67906016
1,0.64267725
1,0.693373
1,0.7616025
1,0.69748545
1,0.658455
1,0.6825747
1,0.69422513
1,0.7227758
1,0.74624455
1,0.7583522
1,0.738062
1,0.79492116
1,0.87737685
1,0.9212079
1,0.86272866
1,0.85590076
1,0.89614004
1,0.9199231
1,0.885853
1,0.8873014
0,0.8902742
0,0.9191667
0,0.92617697
0,0.9578877
0,0.96289366
0,0.9982262
0,0.93147457
0,0.78451055
0,0.89741707
0,0.89051485
0,0.8740683
0,0.85713154
0,0.8804195
0,0.92324454
0,0.8842063
0,0.7931319
0,0.887347
0,0.8912046
0,0.9199933
0,0.85317403
0,0.8518501
0,0.9129785
0,0.9457658
0,0.94752204
0,0.96158427
0,1.0
0,0.95203125
0,0.9293587
0,0.98703694
0,0.99408084
0,0.972143
0,0.9104833
0,0.87102985
0,0.8917207
0,0.84695345
0,0.91806334
0,0.9041259
0,0.8736353
0,0.84374845
0,0.8654218
0,0.85946023
0,0.83747196
0,0.8212777
0,0.9266381
0,0.95289665
0,0.9159229
0,0.9036331
0,0.9139939
0,0.8839715
0,0.8472128
0,0.85887396
0,0.9108296
0,0.89238685
0,0.9068197
0,0.79829496
0,0.7594954
0,0.70408016
0,0.82796454
0,0.72761744
0,0.7497089
0,0.6456555
0,0.6911259
0,0.7159726
0,0.7064984
0,0.67834544
0,0.7912166
0,0.7295739
0,0.7066596
0,0.729183
0,0.6601866
0,0.74192345
0,0.8142242
0,0.83742386
0,0.857368
0,0.75834733
0,0.76180017
0,0.85581523
0,0.8330539
0,0.8467798
0,0.81838846
0,0.7668082
0,0.8360025
0,0.8182316
0,0.8267643
0,0.79939216
0,0.83749956
0,0.78926224
0,0.8250337
0,0.79261786
0,0.79970485
0,0.8104147
0,0.7662351
0,0.8595402
0,0.88342094
0,0.89487296
0,0.93764836
0,0.8781379
0,0.80344695
0,0.9382865
0,1.0
0,0.9104062
0,0.9416201
0,0.93045926
0,0.98500085
0,0.93802845
0,0.9577518
0,0.9775709
0,0.9133973
0,0.9185905
0,0.99397475
0,0.961427
0,0.9217629
0,0.98925006
0,0.9813613
0,0.860365
0,0.8774255
0,0.90151286
0,0.878367
0,0.88828
0,0.8892547
0,0.8499654
0,0.9431523
0,0.86858404
0,0.83404034
0,0.7955958
1,0.85021114
1,0.8641833
1,0.74991775
1,0.7749798
1,0.8122933
1,0.7985303
1,0.82184523
1,0.902344
1,0.82450265
1,0.8498501
1,0.758877
1,0.79844916
1,0.7501723
1,0.7525038
1,0.8173424
1,0.787432
1,0.7504557
1,0.72331315
1,0.71752095
1,0.77743894
1,0.8192342
1,0.82512903
1,0.8824106
1,0.85670596
1,0.8270795
1,0.9057079
1,0.84658974
1,0.7716555
1,0.8753959
1,0.80085254
1,0.76764077
1,0.7466852
1,0.8177357
1,0.7253955
1,0.75566745
1,0.7401831
1,0.81464
1,0.77570784
1,0.76650774
1,0.705958
1,0.8096481
1,0.78182304
1,0.78433436
1,0.70065045
1,0.6165039
1,0.59184974
1,0.58020866
1,0.49582073
1,0.646148
1,0.8142193
1,0.7762316
1,0.6654394
1,0.6565276
1,0.7683561
1,0.72925097
1,0.5940997
1,0.6074836
1,0.59694576
1,0.66752815
1,0.70159394
1,0.69255656
1,0.7177965
1,0.63983005
1,0.5634736
1,0.6536322
1,0.70071596
1,0.7217238
1,0.6662246
1,0.58656615
1,0.6827613
1,0.66862303
1,0.6636458
1,0.6720749
1,0.6131351
1,0.46992657
1,0.52792734
1,0.51154107
1,0.6044314
1,0.5954233
1,0.54675555
1,0.47374097
1,0.47555852
1,0.49515772
1,0.5297991
1,0.5214418
1,0.4744797
1,0.46376646
1,0.5368299
1,0.5406878
1,0.48868346
1,0.47526586
1,0.5877593
1,0.54361683
1,0.5359148
1,0.63972455
1,0.50109553
0,0.57191926
0,0.5427799
0,0.56980026
0,0.42045948
0,0.34682047
0,0.50923
0,0.48471954
0,0.5248346
0,0.3650399
0,0.35977
0,0.3717331
0,0.36969763
0,0.36759964
0,0.44037822
0,0.25341958
0,0.19491898
0,0.20792079
0,0.31964472
0,0.4075676
0,0.26029742
0,0.23623739
0,0.21595122
0,0.08918464
0,0.15384974
0,0.05197965
0,0.0
0,0.15545426
0,0.25139877
0,0.24984896
0,0.36715454
0,0.17815748
0,0.29244015
0,0.2269166
0,0.1683823
0,0.18433225
0,0.69874847
0,0.6934617
0,0.7997561
0,0.7775398
0,0.7089373
0,0.76386386
0,0.76164037
0,0.7064086
0,0.6789559
0,0.72902215
0,0.66017187
0,0.7601793
0,0.7754642
0,0.7375129
0,0.70361555
0,0.7457889
0,0.7014287
0,0.73150665
0,0.6653133
0,0.74047875
0,0.74706507
0,0.7388183
0,0.7562441
0,0.7608963
0,0.74827754
0,0.71189606
0,0.6460054
0,0.6743587
0,0.7805956
0,0.7483983
0,0.771957
0,0.8083772
0,0.74714
0,0.75867283
0,0.72949135
0,0.6975156
0,0.7500305
0,0.7333104
0,0.72252786
0,0.7754458
0,0.83394283
0,0.73415357
0,0.6620518
0,0.7121563
0,0.73849183
0,0.72792286
0,0.7249387
0,0.6865582
0,0.66363907
0,0.7339991
0,0.7231487
0,0.7082715
0,0.73126346
0,0.58409077
0,0.68838525
0,0.66208637
0,0.6394345
0,0.679872
0,0.8113223
0,0.77031106
0,0.7540465
0,0.74553233
0,0.7640816
0,0.78942114
0,0.78440714
0,0.72222555
0,0.7689557
0,0.7021836
0,0.70804703
0,0.7677099
0,0.62265074
0,0.7039482
0,0.7463622
0,0.70486844
0,0.70357513
0,0.7799752
0,0.7942736
0,0.8109446
0,0.7313089
0,0.81061274
0,0.7034211
0,0.66926014
0,0.7379351
0,0.7426889
0,0.66376895
0,0.71233743
0,0.63055235
0,0.6234198
0,0.6136799
0,0.636278
0,0.70429546
0,0.7347723
0,0.82765055
0,0.83790094
0,0.85021615
0,0.85843503
0,0.7085338
0,0.7734718
0,0.78369343
0,0.8573329
0,0.7476259
0,0.6901961
0,0.10195194
0,0.0
0,0.2868569
0,0.6977167
0,0.80702233
0,0.8319076
0,0.8658595
0,0.8413419
0,0.83632493
0,0.7501533
0,0.67519647
0,0.81894153
0,0.813674
0,0.7426981
0,0.77365583
0,0.7544012
0,0.7816923
0,0.8507154
0,0.8501358
0,0.8189461
0,0.8512492
0,0.74964744
0,0.802799
1,0.7658908
1,0.6994509
1,0.62346476
1,0.6474669
1,0.67916745
1,0.7484145
1,0.7080537
1,0.7512388
1,0.68705326
1,0.7218109
1,0.6871124
1,0.61110455
1,0.62643814
1,0.68536067
1,0.6557054
1,0.63229656
1,0.7262074
1,0.66686183
1,0.67301255
1,0.64536583
1,0.6414981
1,0.6611116
1,0.5606574
1,0.66638505
1,0.659367
1,0.5637274
1,0.60175896
1,0.67105097
1,0.6689158
1,0.6436495
1,0.65121305
1,0.5934651
1,0.64715546
1,0.6192135
1,0.6920007
1,0.709489
1,0.6451273
1,0.5504682
1,0.65341985
1,0.7066701
1,0.7208012
1,0.64035726
1,0.69525963
1,0.6513213
1,0.73832446
1,0.7673027
1,0.7905612
1,0.7326646
1,0.8167298
1,0.82437736
1,0.84840655
1,0.9174667
1,0.93282443
1,0.87495863
1,0.893517
1,0.90131664
1,1.0
1,0.94652617
1,0.9485452
1,0.9064543
1,0.93147826
1,0.8595393
1,0.7930278
1,0.73821074
1,0.88051564
1,0.8344662
1,0.7346103
1,0.7932335
1,0.88273656
1,0.88073295
1,0.89575005
1,0.5500346
1,0.3967818
1,0.48889983
1,0.37996608
1,0.42400515
1,0.5356893
1,0.5728511
1,0.4083699
1,0.3942691
1,0.4411777
1,0.40705737
1,0.49406162
1,0.42378616
1,0.41612655
1,0.38561872
1,0.43156824
1,0.44259012
1,0.39494914
1,0.36260384
1,0.4318703
1,0.4382846
1,0.49778217
1,0.5079574
1,0.46882752
1,0.48935944
1,0.4990169
1,0.50216454
1,0.5020214
1,0.5148284
1,0.41910508
1,0.47307968
1,0.49575356
1,0.49488574
1,0.46039852
1,0.36970493
1,0.3264948
1,0.3230619
1,0.33437437
1,0.37801385
1,0.38224396
1,0.35637012
1,0.29989195
1,0.2667182
1,0.30301747
1,0.34047025
1,0.3938047
1,0.4405106
1,0.47004303
1,0.49081078
1,0.5158019
1,0.5463568
1,0.52075285
1,0.5130481
1,0.47156978
1,0.4764833
1,0.4731695
1,0.56293523
1,0.52842975
1,0.4773948
1,0.5648394
1,0.5941274
1,0.625286
1,0.51265574
1,0.5224011
1,0.4755343
1,0.49076658
1,0.55406344
1,0.64162046
1,0.46578172
1,0.49460143
1,0.44374803
1,0.40912488
1,0.45450866
1,0.38880953
1,0.4920868
1,0.49900636
1,0.4252764
1,0.45152384
1,0.36234644
1,0.38834274
1,0.23858479
1,0.20372583
1,0.115430646
1,0.17714651
1,0.14081125
1,0.068774916
1,0.05594822
1,0.036905322
1,0.09795987
1,0.022039698
1,0.25119776
1,0.029184956
1,0.16021554
1,0.18231744
1,0.14839162
1,0.0
1,0.009931227
1,0.16355765
1,0.16396634
1,0.2301606
1,0.22399218
1,0.2773319
1,0.28686306
1,0.24757807
1,0.18041801
1,0.25254247
1,0.2519388
1,0.20801404
1,0.16334634
1,0.19303916
1,0.2620261
1,0.20495433
1,0.19651094
1,0.12224453
1,0.114529684
1,0.1334398
1,0.11780984
1,0.16471027
1,0.14295511
1,0.061653666
1,0.20877141
1,0.25830603
1,0.2904184
1,0.31370988
1,0.019080117
1,0.08882467
1,0.008581466
1,0.03618854
1,0.14283697
1,0.28755894
1,0.28204513
1,0.19441414
1,0.17694816
1,0.19031082
1,0.33366406
1,0.21063912
1,0.14304876
1,0.17906754
1,0.39694604
1,0.42195782
1,0.31491148
1,0.33151156
1,0.3663292
1,0.5554192
1,0.51217496
1,0.5189841
1,0.63501984
1,0.55249304
1,0.62626046
1,0.69503945
1,0.67485857
1,0.7075127
0,0.7788264
0,0.78815925
0,0.78736925
0,0.80856055
0,0.8450529
0,0.926916
0,0.84372497
0,0.8456844
0,0.7751083
0,0.7906619
0,0.70809907
0,0.79624534
0,0.8041244
0,0.8022337
0,0.6948819
0,0.8151953
0,0.7852691
0,0.731186
0,0.7376901
0,0.7771619
0,0.7512967
0,0.7376982
0,0.73104525
0,0.7511747
0,0.76432365
0,0.68433785
0,0.8020776
0,0.74750745
0,0.7393071
0,0.841353
0,0.80963826
0,0.8004207
0,0.81553584
0,0.8255208
0,0.7368727
0,0.76110977
0,0.890306
0,0.8869322
0,0.7675356
0,0.78043437
0,0.9100734
0,0.8960643
0,1.0
0,0.9886794
1,0.37046704
1,0.41011775
1,0.41041133
1,0.44161934
1,0.49591506
1,0.43408412
1,0.39994773
1,0.47983631
1,0.4044984
1,0.31447342
1,0.41853684
1,0.45048007
1,0.5461076
1,0.55887985
1,0.47081694
1,0.5846654
1,0.6734494
1,0.67928356
1,0.5595263
1,0.49591663
1,0.55425674
1,0.59332085
1,0.6376419
1,0.5665621
1,0.59407234
1,0.61890316
1,0.6478161
1,0.5527101
1,0.5075561
1,0.43607032
1,0.5333816
1,0.594472
1,0.49740288
1,0.45887288
1,0.48820183
1,0.5291114
1,0.41788405
1,0.41843757
1,0.34165674
1,0.32069227
1,0.46538192
1,0.4326299
1,0.42168105
1,0.445743
1,0.5592669
1,0.63986075
1,0.6935925
1,0.7852192
1,0.89236486
1,0.95265603
1,0.7402648
1,0.74347776
1,0.66362494
1,0.79832655
1,0.7701399
1,0.78515726
1,0.70505863
1,0.6841524
1,0.6523568
1,0.71876043
1,0.6752843
1,0.7219661
1,0.7301326
1,0.7760308
1,0.8061333
1,0.6472358
1,0.62557656
1,0.5670038
1,0.7563766
1,0.7535412
1,0.6470877
1,0.5561458
1,0.47176698
1,0.4232571
1,0.54304004
1,0.5442574
1,0.587526
1,0.6005693
1,0.6139959
1,0.7163436
1,0.7112284
1,0.69650036
1,0.63776374
1,0.62152743
1,0.60725266
1,0.6719169
1,0.6193196
1,0.6992024
1,0.69636434
1,0.76098293
1,0.76903856
1,0.7317354
1,0.79189575
1,0.8248694
1,0.7704744
1,0.70471776
1,0.6588117
1,0.7633299
1,0.80428517
1,0.7654401
1,0.801278
1,0.82039756
1,0.9111231
1,0.9481789
1,0.92521244
1,0.8898966
1,1.0
1,0.9821981
1,0.94480413
1,0.8734008
1,0.83348435
1,0.7385627
1,0.7191055
1,0.67357016
1,0.29177538
1,0.36623204
1,0.271517
1,0.2778703
1,0.15363993
1,0.121579565
1,0.087553225
1,0.027363714
1,0.044402488
1,0.047602903
1,0.039563265
1,0.11134049
1,0.08464795
1,0.01660498
1,0.0
1,0.06222614
1,0.11035028
1,0.023588493
1,0.008361572
1,0.1012104
1,0.11606313
1,0.12614937
1,0.19134066
1,0.10411829
1,0.07742575
1,0.17983197
1,0.1810459
1,0.2732241
1,0.30337727
1,0.258124
1,0.27869195
1,0.32670763
1,0.31981
1,0.26325154
1,0.28681037
1,0.23918435
1,0.27501127
1,0.37255988
1,0.3626913
1,0.49107766
1,0.38928038
1,0.40652242
1,0.32938552
1,0.40650034
1,0.36637226
1,0.39625734
1,0.42656466
1,0.38158184
1,0.55534124
1,0.5337723
1,0.45480278
1,0.530876
1,0.4223979
1,0.43056753
1,0.4731734
1,0.52056676
1,0.46312365
1,0.46380115
1,0.4306232
1,0.45053574
1,0.49974358
1,0.51483816
1,0.4798825
1,0.5962114
1,0.42303076
1,0.6100886
1,0.57585245
1,0.5299007
1,0.6543976
1,0.5737397
1,0.5780456
1,0.5667517
1,0.6790483
1,0.6903695
1,0.69490856
1,0.70478606
1,0.77891713
1,0.7041774
1,0.7603459
1,0.81415004
1,0.7092201
1,0.8087812
0,0.6806561
0,0.5875479
0,0.7083999
0,0.80941033
0,0.7391828
0,0.82644093
0,0.8220158
0,0.7347376
0,0.71742636
0,0.6988677
0,0.6276544
0,0.73171854
0,0.7065131
0,0.68703204
0,0.6968223
0,0.7002799
0,0.75244343
0,0.74514455
0,0.65417385
0,0.66913766
0,0.68380135
0,0.68340975
0,0.71124804
0,0.6894227
0,0.6252332
0,0.6961171
0,0.6492479
0,0.71993476
0,0.7149161
0,0.66555685
0,0.7137449
0,0.70177686
0,0.7097346
0,0.797158
0,0.5880609
0,0.6190933
0,0.6651969
0,0.6460642
0,0.6534906
0,0.6975134
0,0.73480344
0,0.7681637
0,0.7702988
0,0.78092045
0,0.7006172
0,0.6306703
0,0.6658228
0,0.7041895
0,0.74483466
0,0.6809483
0,0.74453515
0,0.85306835
0,0.94639313
0,0.6582354
0,0.7100707
0,0.7393487
0,0.7086085
0,0.84427124
0,0.79450506
0,0.78917164
0,0.7742511
0,0.8581474
0,0.700067
0,0.6328554
0,0.64624417
0,0.67934513
0,0.77604276
0,0.7322096
0,0.759147
0,0.8118839
0,0.8577326
0,0.824024
0,0.79935044
0,0.749106
0,0.64892644
0,0.7555668
0,0.7843927
0,0.8318359
0,0.868303
0,0.98127174
0,0.9135947
0,0.78977126
0,0.9867631
0,0.8013007
0,0.86801934
0,0.8704656
0,0.77687544
0,0.89198285
0,0.91748726
0,0.86253405
0,0.9147007
0,0.91238993
0,0.91521066
0,0.9345117
0,0.89378244
0,1.0
0,0.81097806
0,0.8047723
0,0.9802237
0,0.9489412
0,0.8787991
0,0.9107166
0,0.9817469
0,0.900065
0,0.9772621
0,0.91304934
0,0.9761402
0,0.9122508
0,0.7803483
0,0.881471
0,0.90959054
0,0.7681533
0,0.8517031
0,0.8814209
0,0.81365913
0,0.9143249
0,0.91584873
0,0.9106019
0,0.9220337
0,0.6727746
0,0.8850768
0,0.90546435
0,0.8405104
0,0.7429216
0,0.8748327
0,0.88031805
0,0.9597727
0,0.9350217
0,0.78320503
0,0.8139806
0,0.7978614
0,0.8713751
0,0.830342
1,0.52984285
1,0.25388613
1,0.089848876
1,0.112672836
1,0.03539956
1,0.08269393
1,0.13763797
1,0.25530627
1,0.16631448
1,0.28489536
1,0.20799787
1,0.15049295
1,0.036473196
1,0.0
1,0.006242962
1,0.12740485
1,0.23324484
1,0.18820266
1,0.20399553
1,0.16384877
1,0.2553502
1,0.30169782
1,0.19842175
1,0.1320398
1,0.056971755
1,0.3039323
1,0.34817415
1,0.36444405
1,0.315915
1,0.34675828
1,0.47916594
1,0.40874442
1,0.45660734
1,0.3010268
1,0.37971225
1,0.36299402
1,0.50867754
1,0.5582711
1,0.52369505
1,0.5335433
1,0.38552395
1,0.4377961
1,0.49207643
1,0.5581076
1,0.44810545
1,0.51385057
1,0.4766191
1,0.5037388
1,0.5753127
1,0.39731628
1,0.48138335
1,0.41194764
1,0.5371467
1,0.44103408
1,0.6401415
1,0.7004086
1,0.54625183
1,0.5749155
1,0.52649266
1,0.59632915
1,0.60777193
1,0.5985307
1,0.4880204
0,0.95147943
0,0.9060874
0,0.9099018
0,0.91799253
0,0.87629116
0,0.9753352
0,0.91117716
0,0.8835685
0,0.94566137
0,0.8219664
0,0.89901876
0,0.86295074
0,0.8771756
0,0.8415394
0,0.81473446
0,0.82585776
0,0.8765247
0,0.9258645
0,0.9475098
0,0.93029785
0,0.8906953
0,0.88047624
0,0.90743643
0,0.9712624
0,0.95898783
0,0.94970375
0,0.9500938
0,1.0
0,0.4155756
0,0.6462033
0,0.57237494
0,0.49981487
0,0.6055101
0,0.5832799
0,0.46757808
0,0.467597
0,0.5986148
0,0.45678592
0,0.42329141
0,0.48815504
0,0.6710424
0,0.5805667
0,0.5065162
0,0.47504735
0,0.3031853
0,0.4298901
0,0.4797845
0,0.2980017
0,0.3164445
0,0.31800053
0,0.47034344
0,0.5474206
0,0.4118538
0,0.30318993
0,0.35846484
0,0.36418617
0,0.36939502
0,0.2016259
0,0.35914734
0,0.0
0,0.19866866
0,0.2570712
0,0.20209675
0,0.30653304
0,0.17417254
0,0.2171047
0,0.3745584
0,0.28389296
0,0.32814595
0,0.10893021
0,0.12137687
0,0.35969645
0,0.3477686
0,0.44254884
0,0.31455982
0,0.36362064
0,0.37292746
0,0.28752178
0,0.4164369
0,0.38646394
0,0.4513103
0,0.3334621
0,0.35169658
0,0.37650788
0,0.1341467
0,0.16287713
0,0.16393328
0,0.28644753
0,0.4523997
0,0.45346722
0,0.43284145
0,0.51367116
0,0.57609046
0,0.5210015
0,0.4580209
0,0.54521996
0,0.49966297
0,0.51087
0,0.48275685
0,0.4518792
0,0.57818466
0,0.5681348
0,0.5863579
0,0.5356796
0,0.59514755
0,0.60223264
0,0.6724839
0,0.57401013
0,0.5981376
0,0.66631365
0,0.6868456
0,0.57421124
0,0.6216134
0,0.5879678
0,0.6045663
0,0.49950096
0,0.36506855
0,0.22815901
1,0.32403493
1,0.4912036
1,0.38704714
1,0.21660186
1,0.12579128
1,0.16583227
1,0.26032805
1,0.2100722
1,0.1542036
1,0.17554764
1,0.1307468
1,0.14280213
1,0.13488601
1,0.19838883
1,0.25319666
1,0.19744587
1,0.31542116
1,0.3135066
1,0.24537563
1,0.34240493
1,0.35582274
1,0.3603432
1,0.4229746
1,0.42976934
1,0.39879742
1,0.48547974
1,0.47575676
1,0.4492527
1,0.5879017
1,0.57669973
1,0.4809151
1,0.534344
1,0.553997
1,0.6209666
1,0.59310424
1,0.53439957
1,0.5164727
1,0.6245706
1,0.6229746
1,0.60455495
1,0.540678
1,0.4877027
1,0.5720114
1,0.60119
1,0.54510045
1,0.5307632
1,0.5686477
1,0.49213395
1,0.60997456
1,0.6116009
1,0.6613922
1,0.62896943
1,0.6303757
1,0.6571402
1,0.6525882
1,0.6123453
1,0.6885539
1,0.78471136
1,0.79759103
1,0.7902834
1,0.74537814
1,0.7190752
1,0.71376836
1,0.70683724
1,0.7469178
1,0.6438377
1,0.7278438
1,0.74792767
1,0.7440043
1,0.7356653
1,0.74084467
1,0.7401626
1,0.7828372
1,0.7508975
1,0.72172993
1,0.78605956
1,0.75015146
1,0.7560533
1,0.8728187
1,0.8565868
1,0.8942886
1,0.84441787
1,0.82575464
1,0.8312397
1,0.8249612
1,0.8158247
1,0.7610989
1,0.812314
1,0.7617692
1,0.79404867
1,0.77484083
1,0.7583499
1,0.7462054
1,0.730176
1,0.6692767
1,0.5685868
1,0.5126474
1,0.617603
1,0.61350554
1,0.60864455
1,0.5736981
1,0.5406276
1,0.60364574
1,0.54892033
1,0.60615003
1,0.56103975
1,0.7100619
1,0.66160184
1,0.6922476
1,0.65265214
1,0.63826966
1,0.68660265
1,0.6482331
1,0.6353967
1,0.66276675
1,0.6598107
1,0.6950668
1,0.642305
1,0.6565472
1,0.7493402
1,0.8263212
0,0.7999764
0,0.76762986
0,0.77699363
0,0.84962475
0,0.78107613
0,0.8011713
0,0.7892589
0,0.8369957
0,0.94187003
0,0.8916855
0,0.79640776
0,0.91599894
0,0.82891273
0,0.90101117
0,0.8205111
0,0.8300256
0,0.8607388
0,0.877029
0,0.88569945
0,0.9126649
0,0.89703447
0,0.80286014
0,0.87391555
0,0.88563275
0,0.9753696
0,0.92576414
0,0.8406094
0,0.77061105
0,0.8291239
0,0.9665909
0,0.9102674
0,0.93647987
0,0.9529261
0,0.91112787
0,0.98837316
0,0.96561205
0,0.90452296
0,0.90380174
0,0.85389507
0,0.9933647
0,0.94272876
0,1.0
0,0.93433267
0,0.98913103
0,0.9834159
0,0.978549
0,0.9412326
0,0.90926343
0,0.849291
0,0.88999593
0,0.8781733
0,0.8952475
0,0.92444634
0,0.78728276
0,0.93424994
0,0.8181073
0,0.89077616
0,0.8861501
0,0.8890276
0,0.8429346
0,0.9077893
0,0.9799617
0,0.81735784
0,0.8472126
0,0.80790997
0,0.83677894
0,0.9097361
0,0.8656252
0,0.7802376
0,0.6697798
0,0.80788517
0,0.90765876
0,0.81838274
0,0.82707447
0,0.80237216
0,0.77576905
0,0.8759318
0,0.7554871
0,0.80597395
0,0.6384955
0,0.7730584
0,0.7626324
0,0.73687273
0,0.82131255
0,0.7356408
0,0.76015675
0,0.7249631
0,0.7285751
0,0.64330024
0,0.6885034
0,0.7186783
0,0.65735596
0,0.6176208
0,0.6347195
0,0.06154642
0,0.0
0,0.15271042
0,0.675113
0,0.6602593
0,0.60170066
0,0.61137193
0,0.59653986
0,0.68363166
0,0.6207873
0,0.64665663
0,0.7005568
0,0.60622615
0,0.6172365
0,0.63040453
0,0.6642734
0,0.6757525
0,0.6746917
0,0.6572649
0,0.7060604
0,0.59785587
0,0.61928105
0,0.58433807
0,0.5805139
0,0.62010276
0,0.5729235
0,0.54444337
0,0.572558
0,0.6167945
0,0.46583006
0,0.553901
0,0.5467173
0,0.5845255
0,0.5366156
0,0.5007671
0,0.56161815
0,0.50397134
0,0.566055
0,0.57739764
0,0.6035536
0,0.51951027
0,0.49136043
0,0.59216654
0,0.5594113
0,0.63394874
0,0.5690162
0,0.60902786
0,0.56673497
0,0.5355582
0,0.6169223
0,0.5658385
0,0.5513119
0,0.55994254
0,0.47342256
0,0.5759315
0,0.57758194
0,0.62649304
0,0.57738125
0,0.57022053
0,0.8643788
0,0.79523253
0,0.7838677
0,0.77575946
0,0.8936697
0,0.770175
0,0.77409476
0,0.82270765
0,0.61899257
0,0.5764982
0,0.7627791
0,0.64273417
0,0.865158
0,0.9269603
0,0.7332836
0,0.6304935
0,0.7275858
0,0.854937
0,0.83166367
0,0.84898007
0,0.86132437
0,0.913662
0,0.9666866
0,0.9661481
0,0.9599004
0,0.9211413
0,0.797723
0,0.9176125
0,0.97829294
0,1.0
0,0.8564032
0,0.96212816
0,0.8673753
0,0.8968419
0,0.9489827
0,0.937813
0,0.8354938
0,0.89666885
0,0.9016392
0,0.8138939
0,0.9008591
0,0.88487005
0,0.8406979
0,0.80036366
0,0.8093979
0,0.7627159
0,0.8301641
0,0.79641145
0,0.6671952
1,0.8004515
1,0.76437795
1,0.83218807
1,0.8306376
1,0.7846575
1,0.7830481
1,0.6593645
1,0.7432542
1,0.63807386
1,0.7489994
1,0.5222605
1,0.42068976
1,0.6227454
1,0.561674
1,0.542309
1,0.3536808
1,0.40505385
1,0.5657826
1,0.4929573
1,0.45328724
1,0.25935134
1,0.576102
1,0.26066905
1,0.10158476
1,0.57030326
1,0.40656835
1,0.52299047
1,0.57200307
1,0.4360244
1,0.7332616
1,0.58421737
1,0.646147
1,0.45577067
1,0.76773196
1,0.6692078
1,0.47490555
1,0.40524712
1,0.25355518
1,0.408949
1,0.58285046
1,0.5254766
1,0.43393275
1,0.530121
1,0.54606974
1,0.7068003
1,0.60884184
1,0.60919935
1,0.4641478
1,0.59260064
1,0.61153436
1,0.39400882
1,0.4110547
1,0.43744048
1,0.38179278
1,0.37347364
1,0.24181351
1,0.21771176
1,0.20909922
1,0.23148093
1,0.17963526
1,0.07555915
1,0.0
1,0.15819791
1,0.16536447
1,0.18616846
1,0.19862959
1,0.30274084
0,0.40459794
0,0.66071033
0,0.7174324
0,0.7267108
0,0.6084228
0,0.5994079
0,0.5458545
0,0.6578799
0,0.6476589
0,0.6838818
0,0.6857424
0,0.7178031
0,0.7178769
0,0.7784019
0,0.791832
0,0.73984134
0,0.62158847
0,0.6589859
0,0.54470545
0,0.58367884
0,0.7305726
0,0.7835796
0,0.8485848
0,0.55811006
0,0.5913901
0,0.6101947
0,0.64493036
0,0.60605705
0,0.6946712
0,0.7479171
0,0.67943144
0,0.74239856
0,0.49313912
0,0.57802856
0,0.6078641
0,0.5303292
0,0.6604969
0,0.5641803
0,0.48143262
0,0.570269
0,0.45802924
0,0.41544792
0,0.5304821
0,0.5920586
0,0.6130734
0,0.41955215
0,0.48267126
0,0.56713635
0,0.4511095
0,0.59229934
0,0.4961075
0,0.6000501
0,0.5530457
0,0.6513116
0,0.57759017
0,0.63346976
0,0.4446501
0,0.51059085
0,0.66144735
0,0.54779154
0,0.562281
0,0.51362246
0,0.58431226
0,0.6764666
0,0.80923975
0,0.7332871
0,0.7087531
0,0.5509795
0,0.60307115
0,0.6268382
0,0.68871254
0,0.6699545
0,0.6188687
0,0.5657659
0,0.7419084
0,0.6550363
0,0.6204236
0,0.58811337
0,0.6930935
0,0.7511315
0,0.7386979
0,0.7997775
0,0.7799471
0,0.7783492
0,0.7668278
0,0.74864906
0,0.783258
0,0.7835515
0,0.75116366
0,0.77232313
0,0.82588524
0,0.8056598
0,0.7742291
0,0.74968594
0,0.7628844
0,0.77934176
0,0.78587186
0,0.75137776
0,0.7473136
0,0.5483057
0,0.53747696
0,0.7285415
0,0.71107244
0,0.75230336
0,0.69697154
0,0.7956136
0,0.7738895
0,0.7564841
0,0.777835
0,0.7947575
0,0.7965593
0,0.75917995
0,0.7233038
0,0.7478011
0,0.76031834
0,0.8033646
0,0.8067269
0,0.748561
0,0.79865897
0,0.78061026
0,0.8068033
0,0.7079034
0,0.7180272
0,0.72505367
0,0.77149737
0,0.80241096
0,0.7476351
0,0.7572119
0,0.73822385
0,0.78927314
0,0.7459377
0,0.6998214
0,0.6945257
0,0.6576751
0,0.683753
0,0.6671375
0,0.6531138
0,0.58813065
0,0.6199032
1,0.53536534
1,0.5540647
1,0.5414635
1,0.50685483
1,0.45755568
1,0.480129
1,0.4752541
1,0.52291965
1,0.4895935
1,0.48663545
1,0.47573674
1,0.43598968
1,0.49989194
1,0.47766712
1,0.44989276
1,0.42509276
1,0.43934384
1,0.4734398
1,0.4400724
1,0.48497772
1,0.49123722
1,0.4564127
1,0.441361
1,0.41395706
1,0.5311294
1,0.43526366
1,0.4747503
1,0.47948268
1,0.4649923
1,0.53880376
1,0.4754422
1,0.4975008
1,0.5081615
1,0.56058973
1,0.5386831
1,0.52811307
1,0.5202172
1,0.48793018
1,0.5150717
1,0.5133312
1,0.45709288
1,0.47918558
1,0.48506784
1,0.5176474
1,0.46850276
1,0.41139156
1,0.42383647
1,0.4010432
1,0.37547952
1,0.36444372
1,0.37092102
1,0.31525126
1,0.30356646
1,0.23604631
1,0.20320816
1,0.1832277
1,0.16996308
1,0.15141787
1,0.12745143
1,0.09420622
1,0.10579862
1,0.08682319
1,0.04716955
1,0.014028076
1,0.005935063
1,0.01376651
1,0.0
1,0.011618107
1,0.042474985
1,0.048660032
1,0.07237139
1,0.18011068
1,0.27394244
1,0.51980454
1,0.6986838
0,0.8256189
0,0.93387896
0,0.9442581
0,0.88719374
0,0.94499606
0,0.92712307
0,0.95384526
0,0.92255867
0,0.9430331
0,0.9093322
0,1.0
0,0.9688743
0,0.9804183
0,0.9325412
0,0.9521623
0,0.9643838
0,0.9765703
0,0.9381775
0,0.9595857
0,0.9790671
0,0.96436137
0,0.9536187
0,0.9647366
0,0.9553826
0,0.9611727
0,0.95139635
0,0.9657197
0,0.95655537
0,0.95786995
0,0.948436
0,0.9880952
0,0.9691823
0,0.9272898
0,0.95745397
0,0.96491176
0,0.97751325
0,0.9677079
0,0.9544331
0,0.9698042
0,0.93772566
0,0.91455543
0,0.9716643
0,0.94313824
0,0.9847625
0,0.9343547
0,0.8946858
0,0.83026147
0,0.77332866
0,0.8583415
0,0.8465366
0,0.8497314
0,0.8052097
0,0.7757771
0,0.73465514
0,0.7630137
0,0.82964236
0,0.84191954
0,0.7867237
0,0.8409127
0,0.8718539
0,0.71186745
0,0.67684895
0,0.7295198
0,0.8405142
0,0.8284033
0,0.806124
0,0.7889601
0,0.8055869
0,0.7423837
0,0.7827142
0,0.76071376
0,0.7817711
0,0.7001684
0,0.77898246
0,0.85737175
0,0.8404045
0,0.82591635
0,0.8520919
0,0.8014298
0,0.87245274
0,0.9291309
0,0.8841179
0,0.9041027
0,0.80465937
0,0.85844564
0,0.8861819
0,0.9442099
0,0.92932403
0,0.96716666
0,0.9508669
0,0.94033635
0,0.9575997
0,0.9948578
0,0.9926985
0,1.0
0,0.9670126
0,0.94881403
0,0.9809743
0,0.97113776
0,0.9921812
0,0.9314559
0,0.9475879
1,0.86488867
1,0.5643835
1,0.4767401
1,0.2802561
1,0.16669899
1,0.13072143
1,0.09078287
1,0.103548564
1,0.09019605
1,0.07648272
1,0.08579765
1,0.05893563
1,0.081592396
1,0.056221597
1,0.09280167
1,0.05525258
1,0.031970184
1,0.06202686
1,0.02076219
1,0.0
1,0.010026793
1,0.007471144
1,0.043322038
1,0.020985417
1,0.03884637
1,0.06813785
1,0.04732813
1,0.10097049
1,0.094699025
1,0.09526203
1,0.108900756
1,0.11269175
1,0.115046956
1,0.14998251
1,0.14514732
1,0.18234292
1,0.15262043
1,0.19576678
1,0.219631
1,0.2157711
1,0.28373265
1,0.24411006
1,0.24230972
1,0.2951813
1,0.30504462
1,0.31478113
1,0.3038699
1,0.36802015
1,0.34353355
1,0.42658463
1,0.41070202
1,0.33679157
1,0.37082854
1,0.50494367
1,0.45044363
1,0.44588172
1,0.50122935
1,0.45673555
1,0.489518
1,0.49493697
1,0.5734864
1,0.5741448
1,0.46112916
1,0.57414734
1,0.5789474
1,0.49976382
1,0.53684485
1,0.5851992
1,0.5471483
1,0.60083073
1,0.6107145
1,0.59687334
1,0.5800774
1,0.64893335
1,0.59673417
1,0.7149659
1,0.69765395
1,0.62817305
1,0.62135476
1,0.7241568
1,0.6300727
1,0.6582912
1,0.6990863
1,0.7168625
1,0.6513246
1,0.70071614
1,0.62928325
1,0.7191712
1,0.6600003
1,0.70166504
1,0.7301803
1,0.71479714
1,0.7886605
1,0.6517569
1,0.7512051
1,0.7515553
1,0.6992594
1,0.7650932
1,0.6916853
1,0.72073835
1,0.7533377
1,0.7961854
1,0.7691984
1,0.83365357
1,0.77648413
1,0.83702344
1,0.7875838
1,0.83643943
1,0.82744116
1,0.83036035
1,0.7829303
1,0.86877376
1,0.8577429
1,0.8665069
1,0.8492196
1,0.87720895
1,0.8950003
1,0.85626084
1,0.8585993
1,0.830329
1,0.86368454
1,0.8370081
1,0.8562104
1,0.82848066
1,0.85796624
1,0.8776031
1,0.87138534
1,0.8857875
1,0.8674444
1,0.8867392
1,0.89568335
0,0.87953883
0,0.88196164
0,0.8930718
0,0.8950563
0,0.9090069
0,0.912044
0,0.9272917
0,0.9091015
0,0.90060985
0,0.90476155
0,0.9060937
0,0.91918814
0,0.9244138
0,0.9176171
0,0.9277941
0,0.9092837
0,0.9084266
0,0.92993295
0,0.91956
0,0.944545
0,0.91723824
0,0.88272697
0,0.94615394
0,0.9641403
0,0.9393194
0,0.6559627
0,0.6638827
0,0.85785514
0,0.7667865
0,0.6330268
0,0.7045849
0,0.80795
0,0.78690964
0,0.83870333
0,0.8800705
0,0.8465978
0,0.85209763
0,0.8407107
0,0.857346
0,0.91103053
0,0.76872677
0,0.8910633
0,0.86785114
0,0.94896466
0,0.7891446
0,0.89048
0,0.9005817
0,0.8072511
0,0.91853005
0,0.8921063
0,0.78618985
1,0.8266282
1,0.7837095
1,0.7083034
1,0.9190045
1,0.6621515
1,0.66185755
1,0.486824
1,0.6990241
1,0.7290931
1,0.7158677
1,0.36812425
1,0.75895065
1,0.77806157
1,0.63697904
1,0.55520207
1,0.54681534
1,0.630977
1,0.0
1,0.3107852
1,0.6194064
1,0.7239751
1,0.62218684
1,0.81995416
1,0.6515823
1,0.89227444
1,0.709476
1,0.52033144
1,0.627385
1,0.85469365
1,0.7266784
1,0.7724599
1,0.62204564
1,0.7146634
1,0.8522149
1,0.8223118
1,0.67829615
1,0.7762293
1,0.7500802
1,0.78401273
1,0.8773773
1,0.65742546
1,0.6244272
1,0.5580812
1,0.51034933
1,0.7195283
1,0.8046821
1,0.68396646
1,0.7281951
1,0.6745452
1,0.66194165
1,0.69915444
1,0.7345127
1,0.70335746
1,0.6713189
1,0.7642252
1,0.82259184
1,0.7576075
1,0.6999614
1,0.72063845
1,0.7289704
1,0.7549899
1,0.7875399
1,0.79071224
1,0.78618675
1,0.7596149
1,0.68500334
1,0.7424658
1,0.7153608
1,0.6440049
1,0.77622473
1,0.5744565
1,0.66134995
1,0.6774992
1,0.6521192
1,0.6555762
1,0.7415909
1,0.5691256
1,0.67392033
1,0.68236333
1,0.75791454
1,0.82268673
1,0.7481971
1,0.7967652
1,0.6651479
1,0.7351916
1,0.7686828
1,0.8310017
1,0.79465675
1,0.92650324
1,0.8702072
1,0.9231288
1,0.7393251
1,0.89174986
1,0.92071795
1,0.8963926
1,0.92959607
1,0.9172679
1,0.75330424
1,0.85576135
1,1.0
1,0.91649336
1,0.8550971
1,0.72692215
1,0.92618924
1,0.7727423
1,0.79035735
1,0.8419697
1,0.9206786
1,0.84443074
1,0.9156262
1,0.89441377
1,0.86635214
1,0.8584407
1,0.6018222
1,0.9284836
1,0.8635324
1,0.8791424
1,0.9365116
1,0.86459786
1,0.8639845
1,0.83204705
1,0.7036267
1,0.70684916
1,0.7891986
1,0.770495
1,0.559915
1,0.6952778
1,0.7205698
1,0.7359846
1,0.7410478
1,0.71018267
1,0.73853356
1,0.5432866
1,0.6838307
1,0.5644142
1,0.7557243
1,0.74312156
1,0.864486
1,0.74233
1,0.72420806
1,0.84548146
1,0.83545697
1,0.73254156
1,0.8182299
1,0.8637847
1,0.8341485
1,0.78000957
1,0.7728796
1,0.971015
1,0.9148285
1,0.9169925
1,0.8513038
1,0.74044913
1,0.8397425
1,0.8519364
1,0.7533258
1,0.77494174
1,0.77815497
1,0.9332058
1,0.87632346
1,0.85062027
1,0.9565398
1,0.8220503
1,0.6700421
1,0.6899176
1,0.89332753
1,0.86360574
1,0.84534955
1,0.7376086
1,0.7677601
0,0.33001214
0,0.5789093
0,0.67748964
0,0.6804596
0,0.5533298
0,0.5195611
0,0.6166415
0,0.6695025
0,0.59318155
0,0.600275
0,0.47855097
1,0.627444
1,0.6269491
1,0.6650205
1,0.6741108
1,0.6121078
1,0.6066948
1,0.60841554
1,0.6152846
1,0.5682992
1,0.49722645
1,0.5522755
1,0.59673065
1,0.6166463
1,0.610544
1,0.64338416
1,0.63598996
1,0.49677414
1,0.5924213
1,0.6343324
1,0.5613362
1,0.5627352
1,0.54440737
1,0.64040756
1,0.54190475
1,0.55370694
1,0.64350325
1,0.63038874
1,0.46625623
1,0.61802304
1,0.6270086
1,0.49436295
1,0.52813107
1,0.4985809
1,0.5869223
1,0.5965695
1,0.5589804
1,0.59170496
1,0.59093577
1,0.5944993
1,0.5124033
1,0.60774255
1,0.45529732
1,0.6059454
1,0.6383759
1,0.6888293
1,0.5156836
1,0.52998054
1,0.4690325
1,0.5877343
1,0.3776538
1,0.3123796
1,0.20294732
1,0.2221725
1,0.36306274
1,0.32609433
1,0.39902315
1,0.39744493
1,0.44999257
1,0.54419625
1,0.5051643
1,0.4013062
1,0.5549104
1,0.40431285
1,0.39357165
1,0.36618787
1,0.31560636
1,0.37070772
1,0.30833006
1,0.29779395
1,0.34328002
1,0.28447676
1,0.20287997
1,0.15511742
1,0.22627376
1,0.26165855
1,0.26608157
1,0.30645838
1,0.32997367
1,0.36439013
1,0.2702478
1,0.1861604
1,0.21768452
1,0.21465023
1,0.20606881
1,0.17670147
1,0.15912905
1,0.16814592
1,0.21932948
1,0.23504582
1,0.17601703
1,0.31031242
1,0.36626846
0,0.6287871
0,0.96280724
0,0.8421129
0,0.8737483
0,0.83335227
0,0.7555404
0,0.6825839
0,0.66195196
0,0.8147971
0,0.742409
0,0.89748853
0,0.9051678
0,0.84812015
0,0.8420251
0,0.7944394
0,0.8752068
0,0.8534905
0,0.8135016
0,0.8685176
0,0.9734739
0,0.9657898
0,0.9325895
0,0.92305356
0,0.90835065
0,0.8773191
0,0.8685007
0,0.907994
0,0.8855613
0,0.9627928
0,0.9867315
0,1.0
0,0.98096126
0,0.96763986
0,0.9591258
0,0.9395169
0,0.98748213
0,0.8351518
0,0.8259978
0,0.8726657
0,0.9634821
0,0.9477742
0,0.9026327
0,0.8302043
0,0.8309916
0,0.65396774
0,0.78193897
0,0.7735374
0,0.36679292
0,0.5014083
0,0.70292115
0,0.7003428
0,0.40990448
0,0.45769167
0,0.44257015
0,0.66323483
0,0.74675083
0,0.5557572
0,0.4293486
0,0.5132098
0,0.5699092
0,0.47583306
0,0.39507705
0,0.41738042
0,0.6573852
0,0.41275772
0,0.30241305
0,0.39831343
0,0.6022351
0,0.5562649
0,0.42051396
0,0.37893125
0,0.34037143
0,0.41172385
0,0.19079754
0,0.0
0,0.24353161
0,0.42179865
0,0.30104116
0,0.2277954
0,0.15218598
0,0.2880253
0,0.41129923
0,0.02510611
0,0.27709043
0,0.35632417
0,0.5829455
0,0.36169687
0,0.35822594
0,0.41817856
0,0.42667755
0,0.5081685
0,0.2881937
0,0.3613829
0,0.6478598
0,0.79126
0,0.6650356
1,0.711104
1,0.9095861
1,0.7117607
1,0.72820795
1,0.64444804
1,0.501535
1,0.6898562
1,0.686813
1,0.5649453
1,0.6905925
1,0.76655364
1,0.86570257
1,0.729511
1,0.70531094
1,0.5794413
1,0.64707154
1,0.7819392
1,0.493346
1,0.66916907
1,0.58977276
1,0.743744
1,0.7865364
1,0.7432024
1,0.8249938
1,0.77729094
1,0.88481057
1,0.67214906
1,0.6211573
1,0.66041416
1,0.5506898
1,0.4528639
1,0.7233321
1,0.7562932
1,0.6623844
1,0.5657344
1,0.76760584
1,0.4789564
1,0.39037776
1,0.43036923
1,0.57830864
1,0.40296325
1,0.34971046
1,0.70223314
1,0.68367285
1,0.7164012
1,0.836431
1,0.7397326
1,0.63902706
1,0.82279074
1,0.7299238
1,0.77392673
1,0.68684757
1,0.78518313
1,0.88837117
1,0.8421713
1,0.8889665
1,1.0
1,0.9579552
1,0.83524215
1,0.7265354
1,0.7322687
1,0.72269005
1,0.90000397
1,0.7242865
1,0.6734816
1,0.7361832
1,0.5675082
1,0.8079755
1,0.7503816
1,0.73206013
1,0.74720687
1,0.83883995
1,0.73727435
1,0.8064863
1,0.70930415
1,0.72870636
1,0.86484593
1,0.8937818
1,0.61028504
1,0.7336376
1,0.87723416
1,0.82637733
1,0.8919742
1,0.7859238
1,0.79631406
1,0.91559976
1,0.78498757
1,0.90060884
1,0.9836289
1,0.8863334
1,0.8052801
1,0.9173866
1,0.9077941
1,0.7236298
1,0.9855905
1,0.8624863
1,0.79215986
1,0.72885776
1,0.9026362
1,0.77718794
1,0.8597676
1,0.83573794
1,0.87492645
1,0.9794176
1,0.86472136
1,0.7995883
1,0.84562117
1,0.6947043
1,0.75019985
1,0.62518346
1,0.65477514
1,0.65374374
1,0.7679087
1,0.6261361
1,0.71424145
1,0.6967438
1,0.6201908
1,0.6275093
1,0.453769
1,0.31193757
1,0.5176275
1,0.39345208
1,0.5186234
1,0.6869012
1,0.7010875
1,0.64463925
1,0.6936219
1,0.76307786
1,0.6232937
1,0.70692813
1,0.68120337
1,0.63029116
1,0.59773415
1,0.54450303
1,0.6851049
1,0.53355986
1,0.5964302
1,0.40548292
1,0.21536545
1,0.24628362
1,0.18824068
1,0.4300205
1,0.29517365
1,0.3297779
1,0.26545304
1,0.3642013
1,0.276783
1,0.24532403
1,0.13099898
1,0.28816316
1,0.22934406
1,0.07823684
1,0.0
1,0.10655138
1,0.0846425
1,0.28297666
1,0.32806033
1,0.55028397
0,0.6036051
0,0.45935696
0,0.46852806
0,0.4405778
0,0.7344276
0,0.88494897
0,0.8943416
0,0.68404406
0,0.7472026
0,0.6920116
0,0.65646327
0,0.7319468
0,0.7138374
0,0.6626518
0,0.82735944
0,0.9409568
0,0.8976089
0,0.8422933
0,0.66933435
0,0.76077014
0,0.7966169
0,0.9023359
0,0.8678191
0,0.8179227
0,0.7570797
0,0.8397347
0,0.8506502
0,0.68069977
0,0.5708716
0,0.10920432
0,0.0052747433
0,0.03520995
0,0.17032853
0,0.1058479
0,0.06364217
0,0.7439876
0,0.72638863
0,0.74720347
0,0.69258845
0,0.69620997
0,0.70544374
0,0.7164043
0,0.7485031
0,0.7157855
0,0.7525401
0,0.68076605
0,0.68467194
0,0.7171788
0,0.7054902
0,0.7052483
0,0.658444
0,0.68602175
0,0.7623321
0,0.7674577
0,0.7566728
0,0.7448428
0,0.7620775
0,0.7471243
0,0.7462652
0,0.7066305
0,0.6921437
0,0.6780813
0,0.73189807
0,0.74470115
0,0.7679684
0,0.7350334
0,0.6908081
0,0.6752297
0,0.72181904
0,0.73786515
0,0.59027433
0,0.64461184
0,0.67037714
0,0.67193794
0,0.60128266
0,0.61393327
0,0.6070318
0,0.6145772
0,0.6733571
0,0.67846245
1,0.70988274
1,0.6429634
1,0.6352952
1,0.6092379
1,0.6225802
1,0.66167563
1,0.63890934
1,0.6314088
1,0.6420837
1,0.66087186
1,0.6851502
1,0.64470917
1,0.65093005
1,0.6377985
1,0.64098555
1,0.62612176
1,0.6253204
1,0.6308504
1,0.6347837
1,0.5924482
1,0.6395556
1,0.6000162
1,0.61280745
1,0.6230692
1,0.6368159
1,0.5976495
1,0.61371225
1,0.6218326
1,0.62854254
1,0.6080891
1,0.61689794
1,0.6182219
1,0.6290725
1,0.6567779
1,0.6567423
1,0.64608747
1,0.65301234
1,0.58701235
1,0.6006168
1,0.5880691
1,0.60123724
1,0.6101936
1,0.63416195
1,0.6296668
1,0.62168306
1,0.65836537
1,0.646309
1,0.60879076
1,0.60709596
1,0.62239
1,0.61892647
1,0.6291236
1,0.65511525
1,0.60397375
1,0.6672204
1,0.63375336
1,0.71903694
1,0.6396471
1,0.650379
1,0.6311039
1,0.63912404
1,0.6031917
1,0.62953806
1,0.59822375
1,0.6074104
1,0.62083656
1,0.64850926
1,0.5848219
1,0.5907299
1,0.6021228
1,0.5914867
1,0.5222413
1,0.52047235
1,0.581366
1,0.52677894
1,0.5513506
1,0.5504706
1,0.48613667
1,0.5596211
1,0.44140464
1,0.4487619
1,0.44068107
1,0.47305632
1,0.5164744
1,0.49649316
1,0.4185339
1,0.4588636
1,0.45904532
1,0.46596602
1,0.40035364
1,0.43844998
1,0.36531377
1,0.35238034
1,0.35310772
1,0.3238217
1,0.28904602
1,0.28778222
1,0.2838096
1,0.23392993
1,0.22040537
1,0.20451702
1,0.20148546
1,0.15445152
1,0.1457752
1,0.118733585
1,0.086708
1,0.058578007
1,0.065690465
1,0.030611692
1,0.004795891
1,0.012687046
1,0.0
1,0.0033284503
1,0.033584163
1,0.043210633
1,0.09297186
1,0.11089993
1,0.20018025
1,0.28752345
1,0.3730928
1,0.45266885
1,0.54600024
0,0.7754056
0,0.81285924
0,0.8220648
0,0.8905141
0,0.81345403
0,0.83672553
0,0.907552
0,0.852966
0,0.895166
0,0.9043262
0,0.8865428
0,0.8378342
0,0.81437755
0,0.7720146
0,0.8555809
0,0.9420887
0,0.8899456
0,0.9209365
0,0.77360237
0,0.8603541
0,0.91864264
0,0.94408375
0,0.93836695
0,0.9436986
0,0.9501806
0,0.9662589
0,1.0
0,0.9209149
0,0.9741424
0,0.9431973
0,0.9865268
0,0.91946566
0,0.9368817
0,0.9684544
0,0.9350753
0,0.9573234
0,0.9241528
0,0.94640756
0,0.9658221
0,0.99697834
0,0.9829997
0,0.93575937
0,0.92315036
0,0.9409382
0,0.9805861
0,0.9588935
0,0.903255
0,0.9408056
0,1.0
0,0.96761554
0,0.9391595
0,0.9470642
0,0.8169615
0,0.83232105
0,0.80492896
0,0.85556483
0,0.77445865
0,0.7310743
0,0.82837504
0,0.8373296
0,0.8578665
0,0.8775266
0,0.86100113
0,0.8366258
1,0.7995782
1,0.8212315
1,0.8405282
1,0.816939
1,0.7587695
1,0.7912461
1,0.7782977
1,0.6814363
1,0.7291518
1,0.69053614
1,0.6950143
1,0.70389926
1,0.7118314
1,0.64671636
1,0.5963925
1,0.66830564
1,0.69106513
1,0.60325783
1,0.58858454
1,0.60725516
1,0.64413434
1,0.5853631
1,0.64550394
1,0.61250156
1,0.5986108
1,0.6095713
1,0.57261866
1,0.62184405
1,0.6794335
1,0.682935
1,0.6325045
1,0.6509462
1,0.6307997
1,0.6124027
1,0.59846663
1,0.58987325
1,0.61171365
1,0.5899348
1,0.59173495
1,0.610464
1,0.59447455
1,0.61752486
1,0.55241936
1,0.6149731
1,0.5338078
1,0.6019529
1,0.5519562
1,0.55221117
1,0.57344764
1,0.5774904
1,0.593081
1,0.55444705
1,0.5201334
1,0.5240101
1,0.49935448
1,0.5851953
1,0.59103185
1,0.57044286
1,0.508939
1,0.5457394
1,0.49525723
1,0.47659853
1,0.49361643
1,0.58835346
1,0.52155966
1,0.53503954
1,0.44242766
1,0.38473302
1,0.39744967
1,0.38583004
1,0.3882612
1,0.38403168
1,0.35837153
1,0.33506617
1,0.31880763
1,0.31800535
1,0.2882423
1,0.26334295
1,0.238707
1,0.18663822
1,0.15692195
1,0.13483182
1,0.09665409
1,0.11560015
1,0.10793217
1,0.11692932
1,0.103192665
1,0.0918569
1,0.09369326
1,0.08595951
1,0.05911333
1,0.03455724
1,0.00034381202
1,0.0
1,0.058908626
1,0.41641718
0,0.5297422
0,0.6304863
0,0.65808064
0,0.7062161
0,0.7159012
0,0.76614136
0,0.7307539
0,0.7521001
0,0.74209106
0,0.72667664
0,0.74217933
0,0.7596256
0,0.7343162
0,0.7371398
0,0.7342317
0,0.80474925
0,0.8186389
0,0.80117995
0,0.82696635
0,0.7550743
0,0.7596049
0,0.7772577
0,0.7929052
0,0.793098
0,0.74310577
0,0.75297064
0,0.8087642
0,0.7787746
0,0.79968965
0,0.8033051
0,0.8087104
0,0.8148976
0,0.78750306
0,0.81832445
0,0.7641221
0,0.771151
0,0.8248106
0,0.8419548
0,0.84693205
0,0.85990477
0,0.84267515
0,0.81376994
0,0.79211843
0,0.8128407
0,0.7774944
0,0.7839728
0,0.8510986
0,0.8654807
0,0.8615111
0,0.8811441
0,0.83678657
0,0.8294654
0,0.8282115
0,0.8249742
0,0.8293409
0,0.8026308
0,0.84194636
0,0.8242873
0,0.84883386
0,0.89318967
0,0.8621868
0,0.8481628
0,0.83247685
0,0.88156193
0,0.8374471
0,0.9014284
0,1.0
0,0.83431417
0,0.9117321
0,0.84892565
0,0.79878837
0,0.82430416
0,0.8711955
0,0.8905334
0,0.8816096
0,0.8025146
0,0.8459682
0,0.854259
0,0.9517351
0,0.8292901
0,0.87402403
0,0.88707185
0,0.8408938
0,0.8065768
0,0.84149504
0,0.87243146
0,0.85952413
0,0.8924312
0,0.8575402
0,0.87844634
0,0.9228393
0,0.7968616
0,0.92389894
0,0.79039526
0,0.7647332
0,0.7547226
0,0.8239706
0,0.8539538
0,0.83989376
0,0.8226393
0,0.76399326
0,0.87205684
0,0.8054669
0,0.84808975
0,0.77485704
0,0.84023947
0,0.6551053
0,0.79805017
0,0.718691
0,0.8443872
0,0.76067567
0,0.8645673
0,0.7656749
0,0.7830872
0,0.8842589
0,0.8619474
0,0.8583813
0,0.777037
0,0.84145975
0,0.74657863
0,0.72684246
0,0.7597623
0,0.5856706
0,0.7077399
0,0.7271269
0,0.7337291
0,0.71791697
0,0.71925056
0,0.6501078
0,0.6667819
0,0.7599536
0,0.764621
0,0.72856
0,0.763558
0,0.7032893
0,0.6925775
0,0.6834456
1,0.49006283
1,0.4961338
1,0.4959627
1,0.5806575
1,0.5933498
1,0.5471856
1,0.5866412
1,0.5146924
1,0.43907633
1,0.5411493
1,0.30411187
1,0.31926215
1,0.30064744
1,0.3790094
1,0.48307502
1,0.3988768
1,0.38416296
1,0.4760346
1,0.44834584
1,0.5208756
1,0.53322387
1,0.43556046
1,0.5314885
1,0.5077688
1,0.51451206
1,0.5801309
1,0.5303757
1,0.46389613
1,0.57925045
1,0.40976605
1,0.52014947
1,0.45809108
1,0.4710822
1,0.5290519
1,0.41356057
1,0.44977254
1,0.47580454
1,0.4640239
1,0.4063109
1,0.52793676
1,0.54455304
1,0.5039425
1,0.55236346
1,0.4637042
1,0.46587548
1,0.5459936
1,0.42348152
1,0.31698623
1,0.38922924
1,0.4058889
1,0.28559834
1,0.27659303
1,0.2266598
1,0.21415251
1,0.19297981
1,0.17974125
1,0.15092002
1,0.17814864
1,0.10658084
1,0.09400822
1,0.0
1,0.062039923
1,0.040959727
1,0.06815541
1,0.11709782
1,0.13468295
1,0.37392753
1,0.61752445
0,0.61117023
0,0.734198
0,0.80922496
0,0.8108783
0,0.80490786
0,0.8507784
0,0.7243001
0,0.8775584
0,0.815211
0,0.83329153
0,0.80770576
0,0.8540977
0,0.944001
0,0.8761606
0,0.7924214
0,0.92867905
0,0.8494494
0,0.9189459
0,0.8833704
0,0.77033186
0,0.7434969
0,0.7034014
0,0.8724985
0,0.86052305
0,0.8500546
0,0.7995485
0,0.79101896
0,0.9211906
0,0.8564129
0,0.7088735
0,0.7697237
0,0.7391989
0,0.8122362
0,0.721608
0,0.7269795
0,0.7332603
0,0.7751635
0,0.7725488
0,0.72467816
0,0.7098071
0,0.741754
0,0.7761884
0,0.76321864
0,0.75233054
0,0.6914132
0,0.5780122
0,0.56958383
0,0.61383283
0,0.5847133
0,0.7209079
0,0.37673756
0,0.46382678
0,0.56599456
0,0.42988142
0,0.40709996
0,0.47800413
0,0.901734
0,0.9012335
0,0.93097717
0,0.91075575
0,0.9034584
1,0.8553463
1,0.840278
1,0.80565846
1,0.7476749
1,0.76060796
1,0.7817459
1,0.73564875
1,0.8324246
1,0.75710654
1,0.701692
1,0.68374187
1,0.7398469
1,0.73214614
1,0.6843239
1,0.68084055
1,0.7237384
1,0.6644636
1,0.5945772
1,0.68360525
1,0.59281546
1,0.6713087
1,0.668579
1,0.69140387
1,0.6232245
1,0.7048629
1,0.6710222
1,0.73176366
1,0.62854975
1,0.6592899
1,0.6536022
1,0.6874838
1,0.64795226
1,0.7592296
1,0.66473794
1,0.7033614
1,0.70190823
1,0.6957508
1,0.7172066
1,0.6856552
1,0.6572535
1,0.6780524
1,0.6545145
1,0.6744787
1,0.6912334
1,0.62736785
1,0.67500746
1,0.6061311
1,0.73545426
1,0.6728141
1,0.60870916
1,0.6571886
1,0.67661643
1,0.68447834
1,0.5865056
1,0.64954436
1,0.691796
1,0.63846695
1,0.62161404
1,0.59315336
1,0.64617753
1,0.57754534
1,0.62483376
1,0.57804275
1,0.5589539
1,0.5778378
1,0.5770928
1,0.55507475
1,0.5224698
1,0.48092136
1,0.5194333
1,0.5088437
1,0.42713955
1,0.48284456
1,0.41889518
1,0.45979723
1,0.36429617
1,0.44899735
1,0.36947
1,0.37050304
1,0.32209435
1,0.3206053
1,0.33841854
1,0.26477936
1,0.27652785
1,0.22303694
1,0.21396321
1,0.1827401
1,0.17099711
1,0.15849985
1,0.12731895
1,0.10844673
1,0.13592887
1,0.098126724
1,0.08193028
1,0.06922808
1,0.04753402
1,0.02736669
1,0.02503178
1,0.0029792213
1,0.0
1,0.025257891
1,0.055185035
1,0.050904203
1,0.06266216
1,0.0884101
1,0.0954535
1,0.10605339
1,0.13081431
1,0.1714211
1,0.3653584
1,0.46920604
1,0.5056762
1,0.6454837
0,0.8465523
0,0.96924263
0,0.98754764
0,0.997112
0,0.9261529
0,0.9318672
0,0.9137302
0,0.9221944
0,0.9259164
0,0.94480115
0,0.938253
0,0.88579935
0,0.8790381
0,0.97666335
0,0.9700294
0,0.9829724
0,0.8512775
0,0.81739527
0,0.8477413
0,0.8543473
0,0.9044718
0,0.8716871
0,0.8373761
0,0.87886983
0,0.8536111
0,0.87645406
0,0.9076608
0,0.8387988
0,0.9059431
0,0.8966684
0,0.9313605
0,0.9531886
0,0.980608
0,0.8545469
0,0.80457336
0,0.9457451
0,0.85762715
0,0.88504
0,0.87743276
0,0.86716723
0,0.88702726
0,0.9080941
0,0.955083
0,0.934736
0,0.93224657
0,0.94255954
0,0.94651914
0,0.94192916
0,0.8134481
0,0.8791451
0,0.77368
0,0.8103401
0,0.71827304
0,0.83712065
0,0.8207022
0,0.91238904
0,0.8547738
0,0.89036924
0,0.95692575
0,0.97179425
0,0.97588676
0,0.96134436
0,0.89622235
0,0.94974166
0,0.98574835
0,0.97485584
0,0.98070675
0,0.9520236
0,0.97392404
0,0.98875606
0,0.96781373
0,0.99136806
0,0.9683554
0,0.9968743
0,0.97073877
0,0.98695964
0,1.0
0,0.99014014
0,0.7190707
0,0.71097124
0,0.6531832
0,0.6882596
0,0.5301425
0,0.6644394
0,0.53343695
0,0.581865
0,0.72484595
0,0.72061354
0,0.7227754
0,0.68139666
0,0.8014697
0,0.74406946
0,0.93852186
0,0.7018441
0,0.7211522
0,0.78383756
0,0.80819225
0,0.8295155
0,0.6787906
0,0.7923973
0,0.72541904
0,0.85743976
0,0.8105613
0,0.7462418
0,0.8986416
0,0.80949867
0,0.74522763
0,0.85315466
0,0.79403675
0,0.8024546
0,0.87036926
0,0.7903398
0,0.74923825
0,0.83159757
0,0.82853687
0,0.81166834
0,0.8941174
0,0.7955039
0,0.8731663
0,0.79470223
0,0.7816522
0,0.72998655
0,0.8640277
0,0.83592546
0,0.9066022
0,0.88469905
0,0.8710316
0,0.8948972
0,0.9182446
0,0.7937977
0,0.8162661
0,0.7839607
0,0.9164982
0,0.93591326
0,0.8867127
0,0.8151434
0,0.8276449
0,0.9854614
0,0.8706469
0,0.77221763
0,0.68439364
0,0.7967806
0,0.8559606
0,0.8565133
0,0.81608605
0,0.8544626
0,0.9538632
0,0.9781605
0,0.8046248
0,0.7636771
0,0.86192685
0,0.8283563
0,0.93545395
0,0.8583881
0,0.86789834
0,0.8721934
0,0.89198375
0,0.87825155
0,0.79897165
0,0.765077
0,0.84034944
0,0.87729585
0,0.92686385
0,0.8848509
0,0.9694582
0,0.9903546
0,0.9349633
0,0.89305687
0,0.91624296
0,0.82556134
0,0.9182717
0,0.95234907
0,0.95149887
0,0.9326193
0,0.882199
0,1.0
0,0.95574224
0,0.9399353
1,0.9606223
1,0.9447152
1,0.9066925
1,0.96818626
1,0.9441682
1,0.9531993
1,0.87630314
1,0.8480757
1,0.85919297
1,0.80814475
1,0.84767324
1,0.7118711
1,0.77144307
1,0.7715537
1,0.79442924
1,0.8219646
1,0.70398617
1,0.65438426
1,0.72666645
1,0.6755222
1,0.6218116
1,0.4882736
1,0.4710512
1,0.51434445
1,0.4798177
1,0.6654525
1,0.7098016
1,0.76885736
1,0.71249115
1,0.7517315
1,0.67031795
1,0.7085573
1,0.67449194
1,0.6311355
1,0.62415147
1,0.7583116
1,0.7748419
1,0.8710509
1,0.82338065
1,0.85992104
1,0.8107195
1,0.7564937
1,0.8122952
1,0.78428644
1,0.79363066
1,0.6670689
1,0.73249495
1,0.7010064
1,0.7063302
1,0.7814058
1,0.69545925
1,0.6797343
1,0.7111931
1,0.74375683
1,0.66008383
1,0.66756004
1,0.6212787
1,0.73591053
1,0.69996095
1,0.5205545
1,0.7639679
1,0.74016744
1,0.6395758
1,0.6427518
1,0.66833305
1,0.64234465
1,0.59529454
1,0.72995156
1,0.67231023
1,0.6331163
1,0.61383325
1,0.6547428
1,0.49440637
1,0.48884094
1,0.6123201
1,0.5633002
1,0.46148145
1,0.51555693
1,0.51090854
1,0.4128039
1,0.620382
1,0.47489372
1,0.43590176
1,0.45154166
1,0.3941832
1,0.3025031
1,0.35240304
1,0.29979685
1,0.28014588
1,0.2867505
1,0.1686744
1,0.08205606
1,0.124145195
1,0.0937073
1,0.040869884
1,0.0
1,0.004638019
1,0.005494731
1,0.02291684
1,0.0
1,0.02903969
1,0.15795453
1,0.17907837
1,0.25548407
1,0.4740999
1,0.69983375
1,0.93299496
0,0.94757575
0,0.9064938
0,0.91434425
0,0.8552413
0,0.96603525
0,0.9403554
0,0.9376326
0,0.96894765
0,0.9356053
0,0.93147767
0,0.95529914
0,0.9513148
0,0.91188776
0,0.92951167
0,0.95844096
0,0.8706868
0,0.8323577
0,0.8294287
0,0.8000601
0,0.8284773
0,0.80243695
0,0.85387784
0,0.83366835
0,0.8492451
0,0.8622724
0,0.8080279
0,0.86348075
0,0.81753254
0,0.6885974
1,0.6795069
1,0.6126907
1,0.6065179
1,0.57363033
1,0.63626087
1,0.59612936
1,0.68898475
1,0.65909564
1,0.6820421
1,0.68867457
1,0.7164016
1,0.7341676
1,0.6858377
1,0.7394045
1,0.72448796
1,0.72777104
1,0.7167434
1,0.7073403
1,0.7594796
1,0.76633406
1,0.7086505
1,0.7169858
1,0.7310526
1,0.72560006
1,0.7069018
1,0.6308132
1,0.69058895
1,0.6367891
1,0.6287096
1,0.6451751
1,0.62424576
1,0.58336353
1,0.55573034
1,0.5351096
1,0.53395927
1,0.6017873
1,0.58853996
1,0.6518688
1,0.5473784
1,0.6146339
1,0.56544
1,0.55843365
1,0.5231566
1,0.47471908
1,0.4541105
1,0.4814587
1,0.44448242
1,0.37779045
1,0.29363495
1,0.246664
1,0.126391
1,0.1386773
1,0.142364
1,0.13254592
1,0.03331107
1,0.10182975
1,0.09475152
1,0.050530165
1,0.11071722
1,0.08990927
1,0.07432362
1,0.06499601
1,0.05778461
1,0.008062025
1,0.0070347823
1,0.0077526337
1,0.032546118
1,0.29274252
1,0.7397918
0,0.87834734
0,0.82388437
0,0.926177
0,0.9096177
0,0.84906036
0,0.85582066
0,0.8124418
0,0.8809093
0,0.8912666
0,0.8391026
0,0.8114942
0,0.85521
0,0.8642173
0,0.85280025
0,0.86629486
0,0.8671069
0,0.85103935
0,0.78353775
0,0.7952418
0,0.8729464
0,0.8130858
0,0.79988873
0,0.8414531
0,0.8490055
0,0.8910575
0,0.8391737
0,0.88050693
0,0.8147728
0,0.86107785
0,0.78711885
0,0.7544428
0,0.8190413
0,0.83316165
0,0.7896841
0,0.79219985
0,0.80762476
0,0.83659136
0,0.84620154
0,0.8409167
0,0.84887725
0,0.80583906
0,0.8384485
0,0.72869396
0,0.84380764
0,0.890932
0,0.8277595
0,0.8540179
0,0.8636342
0,0.7915157
0,0.7703001
0,0.8488212
0,0.8758596
0,0.819704
0,0.8484253
0,0.79365504
0,0.86915493
0,0.7510452
0,0.80580413
0,0.85273206
0,0.79596126
0,0.8956854
0,0.7493858
0,0.8160518
0,0.8476429
0,0.9241631
0,0.8544901
0,0.8305501
0,0.71711254
0,0.85493267
0,0.8541044
0,0.88123864
0,0.86550474
0,0.8540244
0,0.8019469
0,0.8969928
0,0.95720625
0,0.9569042
0,0.9546105
0,0.9976743
0,1.0
0,0.9500046
0,0.9805092
0,0.9724216
0,0.947177
0,0.9640721
0,0.93971795
0,0.427794
0,0.65541595
0,0.66601014
0,0.7570047
0,0.6767084
0,0.65283775
0,0.7269301
0,0.8973264
0,0.86248887
0,0.80282176
0,0.73823756
0,0.9092672
0,0.83163255
0,0.83549297
0,0.7512857
0,0.8992644
0,0.82464457
0,0.9223544
0,0.88727874
0,0.8059551
0,0.9175276
0,0.90257025
0,0.962598
0,0.8804869
0,0.7969296
0,0.7608254
0,0.82171834
0,0.78432673
0,0.87104034
0,0.6986077
0,0.7822829
0,0.8540214
0,0.8614638
0,0.6836469
0,0.6271085
0,0.6841612
0,0.73599064
0,0.74478316
0,0.7223006
0,0.72467864
0,0.7388473
0,0.77951777
0,0.69802094
0,0.746223
0,0.7402083
0,0.82438976
0,0.7128109
0,0.71392107
0,0.7941587
0,0.7736676
0,0.8190544
0,0.7683973
0,0.50259775
0,0.75013286
0,0.49193573
0,0.66971296
0,0.6601991
0,0.8162697
0,0.83459735
0,0.7909247
0,0.8470616
0,0.71472013
0,0.7087681
0,0.74511623
0,0.7501691
0,0.6938096
0,0.7883741
0,0.7575822
0,0.74023706
0,0.8165757
0,0.61162025
0,0.66110736
0,0.6162101
0,0.76938033
0,0.74973595
0,0.6735682
0,0.77217543
0,0.75256497
0,0.87058306
0,0.7363577
0,0.73271066
0,0.7323201
0,0.8327635
0,0.89484715
0,0.7831239
0,0.7921298
0,0.8669861
0,0.9512785
0,0.94852316
0,0.9048787
0,0.7842962
0,0.85509133
0,0.8612216
0,0.8847598
0,0.8633293
0,0.8857118
0,0.8970716
0,0.7422389
0,0.8608316
0,0.78559625
0,0.7991351
0,0.8714396
0,0.87813306
0,0.81530845
0,0.8710219
0,0.8517095
0,0.90249896
0,0.8851026
0,0.8596236
0,0.79449576
0,0.8235177
0,0.8269271
0,0.88115245
0,0.89253926
0,0.8909424
0,0.86259586
0,0.86057967
0,0.805595
0,0.8115815
0,0.7464059
0,0.75704145
0,0.7811048
0,0.79174674
0,0.8284371
0,0.85404724
0,0.89465964
0,0.8009833
0,0.7177499
0,0.77357954
0,0.72397393
0,0.7870154
0,0.8835915
0,0.9805351
0,0.9591587
0,1.0
0,0.9318936
0,0.92563844
0,0.82942134
0,0.87155867
0,0.89472806
0,0.83696616
0,0.9324366
0,0.8476161
0,0.92852443
0,0.88213843
0,0.897824
0,0.9033946
0,0.785946
0,0.84302515
0,0.7736141
0,0.7839494
0,0.7788683
0,0.9315956
0,0.858797
0,0.84051305
0,0.86159724
0,0.8692525
0,0.71885777
0,0.7981169
0,0.7835237
0,0.78907937
0,0.818321
0,0.64026076
0,0.7761451
0,0.71543396
0,0.7959949
0,0.7170061
0,0.67953223
0,0.6120908
0,0.23751447
0,0.5565867
1,0.563665
1,0.5513647
1,0.5691769
1,0.5630173
1,0.5115226
1,0.43158352
1,0.3918392
1,0.41950816
1,0.30481726
1,0.3748191
1,0.4474112
1,0.37997895
1,0.3403152
1,0.3047517
1,0.3649198
1,0.2844556
1,0.25653988
1,0.19961782
1,0.26239005
1,0.23542406
1,0.024035154
1,0.140014
1,0.06021185
1,0.0
1,0.038529415
1,0.03432328
1,0.614523
1,0.5794336
1,0.51255643
1,0.5466073
1,0.5723108
1,0.6150063
1,0.6201294
1,0.5980066
1,0.71136993
1,0.7540844
1,0.60902023
1,0.6702481
1,0.6744444
1,0.6342625
1,0.56711197
1,0.64379334
1,0.55530685
1,0.5647677
1,0.53372115
1,0.63526547
1,0.64678407
1,0.6157537
1,0.5672469
1,0.5850671
1,0.52165544
1,0.65407044
1,0.59413123
1,0.52410173
1,0.40169278
1,0.3337968
1,0.3262854
1,0.300353
1,0.2664866
1,0.2875074
1,0.30015773
1,0.22415453
1,0.28803712
1,0.21628278
1,0.21271984
1,0.11336354
1,0.11653057
1,0.08403463
1,0.03479185
1,0.026239412
1,0.005478208
1,0.0
1,0.079510085
1,0.020060986
1,0.09096431
1,0.14730187
1,0.1658068
1,0.22315738
1,0.37418672
1,0.44758546
1,0.68849784
1,0.684022
1,0.6785575
1,0.69365996
1,0.5629953
1,0.62562597
1,0.52112186
1,0.55727684
1,0.6435281
1,0.55475086
1,0.5390124
1,0.58394617
1,0.5580134
1,0.59816086
1,0.59813035
1,0.5617484
1,0.48064956
1,0.60521334
1,0.57937527
1,0.5516314
1,0.53886974
1,0.5053409
1,0.5024986
1,0.5890464
1,0.6125646
1,0.49005398
1,0.5166599
1,0.5179614
1,0.5107442
1,0.5598349
1,0.5149618
1,0.466177
1,0.4541743
1,0.54726225
1,0.52018076
1,0.47033614
1,0.4868394
1,0.4533353
1,0.52032727
1,0.4796037
1,0.45287055
1,0.46993867
1,0.41932467
1,0.46598715
1,0.47639608
1,0.4157992
1,0.3342283
1,0.42964697
1,0.3539438
1,0.42045057
1,0.33617544
1,0.36430633
1,0.34957162
1,0.2730905
1,0.3581567
1,0.30560791
1,0.29614705
1,0.24649577
1,0.32259563
1,0.361316
1,0.35294703
1,0.33567318
1,0.38025978
1,0.31306168
1,0.2883878
1,0.27342418
1,0.34541786
1,0.25775415
1,0.22092332
1,0.22896211
1,0.14528686
1,0.22801675
1,0.15680468
1,0.15159579
1,0.1605774
1,0.19069023
1,0.13581382
1,0.15715712
1,0.17871134
1,0.09768617
1,0.106531106
1,0.109258324
1,0.08265585
1,0.21395981
1,0.20114942
1,0.18284324
1,0.17823073
1,0.1382899
1,0.36387637
1,0.3314456
1,0.3641049
1,0.4093658
1,0.46934867
1,0.38281512
1,0.39944133
1,0.38686216
1,0.41812876
1,0.26853272
1,0.39529765
1,0.5312899
1,0.35311446
1,0.30157712
1,0.422332
1,0.4637848
1,0.31307366
1,0.4777559
1,0.4776836
1,0.38244548
1,0.4558156
1,0.5800836
1,0.60170025
1,0.51939434
1,0.540651
1,0.6801045
1,0.5866048
1,0.7023897
1,0.6695239
1,0.69249266
1,0.5464712
1,0.66191006
1,0.53858125
1,0.6256221
0,0.73107815
0,0.7673108
0,0.676344
0,0.75427073
0,0.83992815
0,0.7672501
0,0.78226554
0,0.7851526
0,0.8873183
0,0.80107903
0,0.73696136
0,0.8823561
0,1.0
0,0.99500066
0,0.8279193
0,0.7889673
0,0.7897201
0,0.8378062
0,0.8611945
0,0.96445245
1,0.505577
1,0.5755912
1,0.55259055
1,0.50991577
1,0.49693328
1,0.52547586
1,0.5062387
1,0.5423702
1,0.5045117
1,0.56856334
1,0.5367698
1,0.5036081
1,0.41107038
1,0.39970958
1,0.44605428
1,0.46707144
1,0.47203183
1,0.40119636
1,0.35341835
1,0.31149808
1,0.30872086
1,0.2786234
1,0.19635569
1,0.14595544
1,0.086668745
1,0.11661538
1,0.1847668
1,0.14086303
1,0.20316549
1,0.21434079
1,0.10068227
1,0.15155458
1,0.1940568
1,0.18669933
1,0.22046004
1,0.25694576
1,0.31117722
1,0.25557303
1,0.3134281
1,0.23341207
1,0.21915457
1,0.18824627
1,0.22026537
1,0.20400892
1,0.16423088
1,0.17303754
1,0.19976038
1,0.3610833
0,0.5252787
0,0.7055989
0,0.70104414
0,0.6879731
0,0.67974496
0,0.65332377
0,0.5433962
0,0.53879046
0,0.6201283
0,0.6414245
0,0.69009733
0,0.6173373
1,0.5658839
1,0.47780395
1,0.46767926
1,0.4436501
1,0.35616925
1,0.537927
1,0.6387175
1,0.57791096
1,0.60781664
1,0.599785
1,0.57964045
1,0.61588055
1,0.5800695
1,0.5816987
1,0.53611517
1,0.58337766
1,0.5192425
1,0.53139454
1,0.53010625
1,0.48079422
1,0.43889734
1,0.40041766
1,0.36155742
1,0.3815106
1,0.35080156
1,0.31643048
1,0.24051304
1,0.21616346
1,0.14310469
1,0.19929083
1,0.11809298
1,0.1646545
1,0.0
1,0.033509027
1,0.030183293
1,0.016362347
1,0.022635955
1,0.124550186
1,0.14221404
1,0.057503514
1,0.037246455
1,0.03158548
1,0.02956669
1,0.009200178
1,0.006523007
1,0.021555228
1,0.032919995
1,0.06452866
1,0.11039796
1,0.2817478
1,0.46631822
0,0.8647127
0,0.90619606
0,0.8809951
0,0.9183727
0,0.82114565
0,0.8469031
0,0.87341076
0,0.8734291
0,0.76962626
0,0.8106016
0,0.91033345
0,0.8397929
0,0.7492123
0,0.77902776
0,0.73846686
0,0.8421666
0,0.85559314
0,0.910704
0,0.91786265
0,0.9080458
0,0.8832192
0,0.87832063
0,0.9567124
0,0.9291495
0,0.9693607
0,0.80772156
0,0.8827171
0,0.90543073
0,0.9906691
0,0.9731552
0,0.89244986
0,0.83504975
0,0.9544206
0,0.9658558
0,0.94880813
0,1.0
0,0.9424336
0,0.95450085
0,0.90628374
0,0.90824133
0,0.8701084
0,0.87981117
0,0.87669307
0,0.87676156
0,0.88434464
0,0.9343188
0,0.98039025
0,0.90381444
0,0.85076606
0,0.9249544
0,0.9204101
0,0.8153577
0,0.82384604
0,0.7211368
0,0.79490954
0,0.85210454
0,0.96122706
0,0.97682804
0,0.87286854
0,0.84645855
0,0.5058356
0,0.32102993
0,0.37683174
0,0.6618798
0,0.752523
0,0.7837793
0,0.7504368
0,0.65078175
0,0.6885809
0,0.8567458
0,0.79381335
0,0.80107427
0,0.7583891
0,0.8202617
0,0.8820516
0,0.88802963
0,0.78683645
0,0.81720877
0,0.83305705
0,0.84202415
0,0.82731044
0,0.80927896
0,0.37382182
0,0.70005906
0,0.8427452
1,0.7058101
1,0.6750363
1,0.6315989
1,0.6318095
1,0.6604413
1,0.6946269
1,0.7288847
1,0.6826263
1,0.6515549
1,0.6616533
1,0.6975263
1,0.5848878
1,0.6483583
1,0.6683551
1,0.6737765
1,0.66142046
1,0.6453885
1,0.54571414
1,0.5924077
1,0.6544722
1,0.58065647
1,0.5805429
1,0.60510486
1,0.5994875
1,0.6675918
1,0.5977729
1,0.5792641
1,0.56441927
1,0.58429325
1,0.60384464
1,0.68430835
1,0.6001458
1,0.6208641
1,0.5947852
1,0.6182839
1,0.62479347
1,0.60556954
1,0.5044015
1,0.5802423
1,0.5768049
1,0.56930023
1,0.5363053
1,0.4860156
1,0.5511206
1,0.49011037
1,0.47990966
1,0.45115563
1,0.3831619
1,0.415547
1,0.3978842
1,0.3805243
1,0.32332683
1,0.23380686
1,0.16197613
1,0.18312621
1,0.23698938
1,0.15282635
1,0.089045316
1,0.020158768
1,0.06099031
1,0.004636502
1,0.0
1,0.013089423
1,0.026147956
1,0.06597291
1,0.088947825
1,0.14262998
1,0.1898541
1,0.33881438
1,0.5351491
1,0.79896903
1,0.77355546
1,0.82108265
1,0.75303876
1,0.8021228
1,0.74302274
1,0.77956736
1,0.7569844
1,0.76223236
1,0.6583424
1,0.77418256
1,0.71290725
1,0.72692037
1,0.6905906
1,0.71810275
1,0.62839764
1,0.59731156
1,0.56867015
1,0.50488013
1,0.48419407
1,0.44944572
1,0.41676202
1,0.47019556
1,0.5163407
1,0.4359441
1,0.42271882
1,0.38584238
1,0.33047107
1,0.24341585
1,0.23388742
1,0.31071705
1,0.2663745
1,0.25764686
1,0.2605851
1,0.21500577
1,0.25555283
1,0.28235793
1,0.26507443
1,0.20053892
1,0.13607845
1,0.13435757
1,0.052180655
1,0.08012655
1,0.0328614
1,0.08425204
1,0.118045956
1,0.14948143
1,0.244639
1,0.34013003
1,0.42740148
1,0.40301293
1,0.45654047
1,0.4510437
1,0.50964385
1,0.5518819
1,0.5209745
1,0.5255652
1,0.539101
1,0.5838827
1,0.65046114
1,0.61263835
1,0.63140893
1,0.59028625
1,0.58886033
1,0.6288849
1,0.63156635
1,0.65194947
1,0.61534935
1,0.6759401
1,0.58160245
1,0.60367525
1,0.5672515
1,0.5696234
1,0.56893754
1,0.6019162
1,0.585395
1,0.60240513
1,0.6228477
1,0.61394304
1,0.58167917
1,0.56565356
1,0.4976532
1,0.5917357
1,0.6537378
1,0.6607336
1,0.7037329
1,0.68625045
1,0.7196831
1,0.7405701
1,0.7737328
1,0.8593465
0,0.8565212
0,0.8421258
0,0.843093
0,0.8847438
0,0.89277524
0,0.8440878
0,0.86411256
0,0.8577555
0,0.8743312
0,0.9636972
0,0.89868116
0,0.9359805
0,0.9011388
0,0.8907275
0,0.91445106
0,0.88340855
0,0.90987337
0,0.89766616
0,0.8826336
0,0.90189606
0,0.8979368
0,0.902583
0,0.8607718
0,0.9848798
0,0.9700662
0,0.94613636
0,0.94512826
0,0.988117
0,0.94255245
0,0.92764777
0,1.0
0,0.9948497
0,0.99738234
0,0.95248973
0,0.97344613
1,0.15037106
1,0.12290471
1,0.26645425
1,0.30135974
1,0.2884799
1,0.39580378
1,0.0
1,0.031766564
1,0.15449275
1,0.3858474
1,0.4846991
1,0.381988
1,0.27400142
1,0.33040798
1,0.30464715
1,0.056634188
1,0.06646696
1,0.15521263
1,0.26021913
1,0.27377725
1,0.32853606
1,0.4285196
1,0.5479329
1,0.33328
1,0.083061166
1,0.040386055
1,0.16593398
1,0.28386596
1,0.35283574
1,0.44099385
1,0.56566125
1,0.62814057
1,0.5678949
1,0.3256814
1,0.29860386
1,0.34548098
1,0.3945027
1,0.23736787
1,0.43254998
1,0.48719844
1,0.6426202
1,0.5525238
1,0.26686677
1,0.40522867
1,0.34998918
1,0.44076043
1,0.44295302
1,0.49480918
1,0.507477
1,0.56233114
1,0.38762975
1,0.5402679
1,0.56452656
1,0.48202065
1,0.46079862
1,0.45637593
1,0.45688146
1,0.4485474
1,0.4382449
1,0.49210936
1,0.48896754
1,0.5708784
1,0.57213616
1,0.47589415
1,0.5269068
1,0.62667716
1,0.57717645
1,0.56433994
1,0.6202277
1,0.56633437
1,0.5095702
1,0.34889895
1,0.3350953
1,0.42032245
1,0.25471953
1,0.4780688
1,0.39335123
1,0.26451415
1,0.3434935
1,0.24176168
1,0.3124572
1,0.24607402
1,0.43953386
1,0.5202245
1,0.48234937
1,0.34986147
1,0.5037557
1,0.6196557
1,0.5042837
1,0.4959953
1,0.5492808
1,0.39619088
1,0.34542897
1,0.3468872
1,0.5112341
1,0.4632922
1,0.4657442
1,0.5732853
1,0.44140577
1,0.4816844
1,0.39022326
1,0.5866441
1,0.45903128
1,0.5221259
1,0.57499546
1,0.66256654
1,0.64457244
1,0.5711274
1,0.5341073
1,0.5568199
1,0.52105707
1,0.52446115
1,0.59802234
1,0.5448645
1,0.6064038
1,0.6898336
1,0.6506134
0,0.64747334
0,0.58503276
0,0.5870029
0,0.6503338
0,0.5999503
0,0.6064246
0,0.5593245
0,0.6019955
0,0.71520674
0,0.67493564
0,0.67483515
0,0.60891706
0,0.55384797
0,0.612086
0,0.7100844
0,0.63990015
0,0.6757335
0,0.6662526
0,0.7170827
0,0.6926455
0,0.78895164
0,0.7858364
0,0.8211544
0,0.77495444
0,0.782705
0,0.7020964
0,0.6709064
0,0.7575144
0,0.73480123
0,0.79488516
0,0.7630204
0,0.801393
0,0.76659495
0,0.7751358
0,0.648184
0,0.63695306
0,0.542037
0,0.70084614
0,0.74204105
0,0.71843004
0,0.6838423
0,0.74646604
0,0.7138467
0,0.6993659
0,0.5517756
0,0.5877834
0,0.6236549
0,0.7330674
0,0.7349399
0,0.72874576
0,0.7573497
0,0.76889783
0,0.84207946
0,0.84342444
0,0.81044
0,0.73738784
0,0.67523086
0,0.755587
0,0.78460866
0,0.6740904
0,0.5013753
0,0.84735084
0,0.71546096
0,0.89118147
0,0.94570976
0,0.88409305
0,0.9541813
0,0.85356456
0,0.9737868
0,0.880396
0,0.9190627
0,0.800821
0,0.9365079
0,0.92941654
0,0.9913661
0,0.9991634
0,1.0
0,0.96145064
0,0.93193495
0,0.74625987
0,0.67181766
0,0.6926432
0,0.7986539
0,0.75163555
0,0.7576103
0,0.8043894
0,0.7107587
0,0.6126262
0,0.5824005
0,0.6669741
0,0.73905647
0,0.58405954
0,0.6336325
0,0.70636237
0,0.70482355
0,0.6323045
0,0.62702775
0,0.6406459
0,0.6019137
0,0.6222111
0,0.47777435
0,0.47288832
0,0.51684314
0,0.64316887
0,0.7387824
0,0.7257417
0,0.8408788
0,0.8156245
0,0.8087333
0,0.7639225
0,0.7606354
0,0.8640722
0,0.92834044
0,0.84829575
0,0.8602297
0,0.85074055
0,0.92806274
0,0.8994267
0,0.84709764
0,0.80095804
0,0.7947344
0,0.85837114
0,0.89550567
0,0.9449291
0,0.8901949
0,0.9090649
0,0.9260996
0,0.8935862
0,0.89750326
0,0.8808404
0,0.88002497
0,0.81093526
0,0.8902963
0,0.8865952
0,0.93063176
0,0.91844463
0,0.9013935
0,0.9353795
0,0.9179481
0,0.91443455
0,0.916453
0,0.8763864
0,0.87681556
0,0.9209936
0,0.9225504
0,0.9272529
0,0.8692199
0,0.8938759
0,0.94043624
0,0.94499165
0,0.9118936
0,0.85964304
0,0.8945712
0,0.9058856
0,1.0
0,0.9493387
0,0.9519546
0,0.9470105
0,0.9215466
0,0.8497856
1,0.14250045
1,0.11648916
1,0.051821
1,0.041520637
1,0.21039201
1,0.15864274
1,0.15332475
1,0.05267334
1,0.026150333
1,0.0
1,0.089181945
1,0.22288613
1,0.23556699
1,0.32280582
1,0.1434205
1,0.25036886
1,0.2142698
1,0.27246028
1,0.25615248
1,0.13391377
1,0.20544069
1,0.23061566
1,0.19896461
1,0.26389444
1,0.41884694
1,0.25823465
1,0.27531624
1,0.27321485
1,0.33235824
1,0.35831943
1,0.48237503
1,0.60067266
1,0.564467
1,0.3434354
1,0.42767686
1,0.39548522
1,0.34805053
1,0.3750548
1,0.5265418
1,0.5030695
1,0.576568
1,0.6111315
1,0.6100211
1,0.6792591
1,0.75986236
1,0.72095305
1,0.74431115
1,0.671459
1,0.65904146
1,0.6526171
1,0.59499
1,0.70709366
1,0.724033
1,0.6703086
1,0.7596941
1,0.76767445
1,0.79969656
1,0.8197952
1,0.6195238
1,0.739129
1,0.7334271
1,0.7105078
1,0.77533424
1,0.774536
1,0.73455197
1,0.7449235
1,0.65799356
1,0.5363772
1,0.68360895
1,0.72157174
1,0.7295914
1,0.6191624
1,0.46960962
1,0.52752763
1,0.7081239
1,0.6099057
1,0.6097374
1,0.60328054
1,0.63919127
1,0.65462106
1,0.6223938
1,0.6806364
1,0.74447703
1,0.82205325
1,0.6473043
1,0.80769336
1,0.82707715
1,0.82063794
1,0.7602242
1,0.77494437
1,0.7293398
1,0.780084
1,0.8084243
1,0.7569904
1,0.8474438
1,0.87235916
1,0.73798335
1,0.8115351
1,0.6779239
1,0.81138724
1,0.7050163
1,0.74909097
1,0.76557267
1,0.7295529
1,0.77644104
1,0.7976605
1,0.8753722
1,0.8701207
1,0.6587698
1,0.82558763
1,0.68505114
1,0.7523765
1,0.8164055
1,0.6753204
1,0.80112153
0,0.9251904
0,0.9108914
0,0.8839361
0,0.933232
0,0.9644723
0,0.94803846
0,0.96263665
0,0.9495269
0,1.0
0,0.9614891
1,0.94265175
1,0.9397668
1,0.85983807
1,0.8525806
1,0.8912872
1,0.8764555
1,0.86813444
1,0.90100914
1,0.8862875
1,0.86329997
1,0.79115075
1,0.78483605
1,0.8228208
1,0.75020885
1,0.8506374
1,0.6762863
1,0.6607338
1,0.639805
1,0.7165475
1,0.7132709
1,0.70374244
1,0.6256208
1,0.6347208
1,0.718519
1,0.7487514
1,0.73041475
1,0.70610756
1,0.6805447
1,0.6423304
1,0.6428058
1,0.58262426
1,0.6544751
1,0.5840885
1,0.5502073
1,0.61585194
1,0.5864989
1,0.6307756
1,0.6355895
1,0.6654003
1,0.6356875
1,0.60615194
1,0.62785935
1,0.59247077
1,0.5883384
1,0.6264294
1,0.63520604
1,0.5322165
1,0.54891455
1,0.5813636
1,0.540279
1,0.50777286
1,0.53481627
1,0.53971165
1,0.53183466
1,0.4976011
1,0.46661004
1,0.47034693
1,0.4884868
1,0.44678876
1,0.43167323
1,0.45255122
1,0.4220663
1,0.4011625
1,0.37263605
1,0.35491118
1,0.36742514
1,0.38518474
1,0.36511344
1,0.34028187
1,0.3156136
1,0.28514242
1,0.25253364
1,0.2621023
1,0.21049814
1,0.18865046
1,0.16839662
1,0.14022835
1,0.10822369
1,0.13784418
1,0.08920852
1,0.043383427
1,0.0
1,0.040403523
1,0.04877851
1,0.0183596
1,0.027703736
1,0.03318185
1,0.054869514
1,0.02417174
1,0.15752849
1,0.23874094
1,0.350972
1,0.61970246
1,0.6931178
0,0.6763675
0,0.7277436
0,0.73759484
0,0.79966664
0,0.7894817
0,0.749782
0,0.77205926
0,0.75331664
0,0.8053377
0,0.79612327
0,0.8116403
0,0.84612536
0,0.8239008
0,0.8309687
0,0.7793195
0,0.8089906
0,0.8816171
0,0.8615711
0,0.85081357
0,0.8131535
0,0.8165519
0,0.8073109
0,0.8468151
0,0.8514945
0,0.8728506
0,0.91113156
0,0.90350956
0,0.86659384
0,0.891254
0,0.8440674
0,0.8470473
0,0.92120016
0,0.9875567
0,0.92084414
0,0.85083497
0,0.7678297
0,0.8526583
0,0.8757707
0,0.9002116
0,0.8575622
0,0.8431649
0,0.88827217
0,0.8318385
0,0.7433891
0,0.8501691
0,0.80880725
0,0.7381668
0,0.79704326
0,0.8644453
0,0.78938013
0,0.7752895
0,0.84396994
0,0.8497525
0,0.83436495
0,0.76168543
0,0.8074539
0,0.7455862
0,0.77171314
0,0.8061831
0,0.80366594
0,0.83628047
0,0.8305663
0,0.799805
0,0.76327217
0,0.7419501
0,0.7294541
0,0.83251363
0,0.8128941
0,0.7624452
0,0.74402344
0,0.70848227
0,0.71645856
0,0.74768484
0,0.79569376
0,0.8139398
0,0.8104969
0,0.820804
0,0.8042832
0,0.79840136
0,0.79927856
0,0.7963404
0,0.7296465
0,0.7207414
0,0.76738316
0,0.76354855
0,0.7867285
0,0.75513554
0,0.7261794
0,0.7441151
0,0.7380804
0,0.75873876
0,0.7625882
